version,nameOrgan,image,imageAlt,name,url,alt,threeDimImage
1.0,Brain,assets/images/brain.svg,Brain icon,Female,https://purl.humanatlas.io/ref-organ/brain-female/v1.0,"Brain, Female",https://cdn.humanatlas.io/digital-objects/ref-organ/brain-female/v1.0/assets/Allen_F_Brain.glb
1.0,Brain,assets/images/brain.svg,Brain icon,Male,https://purl.humanatlas.io/ref-organ/brain-male/v1.0,"Brain, Male",https://cdn.humanatlas.io/digital-objects/ref-organ/brain-male/v1.0/assets/Allen_M_Brain.glb
1.0,Heart,assets/images/heart.svg,Heart icon,Female,https://purl.humanatlas.io/ref-organ/heart-female/v1.0,"Heart, Female",https://cdn.humanatlas.io/digital-objects/ref-organ/heart-female/v1.0/assets/VH_F_Heart.glb
1.0,Heart,assets/images/heart.svg,Heart icon,Male,https://purl.humanatlas.io/ref-organ/heart-male/v1.0,"Heart, Male",https://cdn.humanatlas.io/digital-objects/ref-organ/heart-male/v1.0/assets/VH_M_Heart.glb
1.0,Intestine,assets/images/large_intestine.svg,Intestine icon,"Large, Female",https://purl.humanatlas.io/ref-organ/large-intestine-female/v1.0,"Intestine, Large, Female",https://cdn.humanatlas.io/digital-objects/ref-organ/large-intestine-female/v1.0/assets/SBU_F_Intestine_Large.glb
1.0,Intestine,assets/images/large_intestine.svg,Intestine icon,"Large, Male",https://purl.humanatlas.io/ref-organ/large-intestine-male/v1.0,"Intestine, Large, Male",https://cdn.humanatlas.io/digital-objects/ref-organ/large-intestine-male/v1.0/assets/SBU_Intestine_Large.glb
1.0,Kidney,assets/images/kidney.svg,Kidney icon,"Female, L",https://purl.humanatlas.io/ref-organ/kidney-female-left/v1.0,"Kidney, Female, Left",https://cdn.humanatlas.io/digital-objects/ref-organ/kidney-female-left/v1.0/assets/VH_F_Kidney_Left.glb
1.0,Kidney,assets/images/kidney.svg,Kidney icon,"Female, R",https://purl.humanatlas.io/ref-organ/kidney-female-right/v1.0,"Kidney, Female, Right",https://cdn.humanatlas.io/digital-objects/ref-organ/kidney-female-right/v1.0/assets/VH_F_Kidney_Right.glb
1.0,Kidney,assets/images/kidney.svg,Kidney icon,"Male, L",https://purl.humanatlas.io/ref-organ/kidney-male-left/v1.0,"Kidney, Male, Left",https://cdn.humanatlas.io/digital-objects/ref-organ/kidney-male-left/v1.0/assets/VH_M_Kidney_Left.glb
1.0,Kidney,assets/images/kidney.svg,Kidney icon,"Male, R",https://purl.humanatlas.io/ref-organ/kidney-male-right/v1.0,"Kidney, Male, Right",https://cdn.humanatlas.io/digital-objects/ref-organ/kidney-male-right/v1.0/assets/VH_M_Kidney_Right.glb
1.0,Lung,assets/images/lung.svg,Lung icon,Female,https://purl.humanatlas.io/ref-organ/lung-female/v1.0,"Lung, Female",https://cdn.humanatlas.io/digital-objects/ref-organ/lung-female/v1.0/assets/VH_F_Lung.glb
1.0,Lung,assets/images/lung.svg,Lung icon,Male,https://purl.humanatlas.io/ref-organ/lung-male/v1.0,"Lung, Male",https://cdn.humanatlas.io/digital-objects/ref-organ/lung-male/v1.0/assets/VH_M_Lung.glb
1.0,Lymph Node,assets/images/lymph_node.svg,Lymph Node icon,"Female, L",https://purl.humanatlas.io/ref-organ/lymph-node-female-left/v1.0,"Lymph Node, Female, Left",https://cdn.humanatlas.io/digital-objects/ref-organ/lymph-node-female-left/v1.0/assets/NIH_F_Lymph_Node_Left.glb
1.0,Lymph Node,assets/images/lymph_node.svg,Lymph Node icon,"Female, R",https://purl.humanatlas.io/ref-organ/lymph-node-female-right/v1.0,"Lymph Node, Female, Right",https://cdn.humanatlas.io/digital-objects/ref-organ/lymph-node-female-right/v1.0/assets/NIH_F_Lymph_Node_Right.glb
1.0,Lymph Node,assets/images/lymph_node.svg,Lymph Node icon,"Male, L",https://purl.humanatlas.io/ref-organ/lymph-node-male-left/v1.0,"Lymph Node, Male, Left",https://cdn.humanatlas.io/digital-objects/ref-organ/lymph-node-male-left/v1.0/assets/NIH_M_Lymph_Node_Left.glb
1.0,Lymph Node,assets/images/lymph_node.svg,Lymph Node icon,"Male, R",https://purl.humanatlas.io/ref-organ/lymph-node-male-right/v1.0,"Lymph Node, Male, Right",https://cdn.humanatlas.io/digital-objects/ref-organ/lymph-node-male-right/v1.0/assets/NIH_M_Lymph_Node_Right.glb
1.0,Pelvis,assets/images/bone_marrow.svg,Pelvis icon,Female,https://purl.humanatlas.io/ref-organ/pelvis-female/v1.0,"Pelvis, Female",https://cdn.humanatlas.io/digital-objects/ref-organ/pelvis-female/v1.0/assets/VH_F_Pelvis.glb
1.0,Pelvis,assets/images/bone_marrow.svg,Pelvis icon,Male,https://purl.humanatlas.io/ref-organ/pelvis-male/v1.0,"Pelvis, Male",https://cdn.humanatlas.io/digital-objects/ref-organ/pelvis-male/v1.0/assets/VH_M_Pelvis.glb
1.0,Skin,assets/images/skin.svg,Skin icon,Female,https://purl.humanatlas.io/ref-organ/skin-female/v1.0,"Skin, Female",https://cdn.humanatlas.io/digital-objects/ref-organ/skin-female/v1.0/assets/VH_F_Skin.glb
1.0,Skin,assets/images/skin.svg,Skin icon,Male,https://purl.humanatlas.io/ref-organ/skin-male/v1.0,"Skin, Male",https://cdn.humanatlas.io/digital-objects/ref-organ/skin-male/v1.0/assets/VH_M_Skin.glb
1.0,Spleen,assets/images/spleen.svg,Spleen icon,Female,https://purl.humanatlas.io/ref-organ/spleen-female/v1.0,"Spleen, Female",https://cdn.humanatlas.io/digital-objects/ref-organ/spleen-female/v1.0/assets/VH_F_Spleen.glb
1.0,Spleen,assets/images/spleen.svg,Spleen icon,Male,https://purl.humanatlas.io/ref-organ/spleen-male/v1.0,"Spleen, Male",https://cdn.humanatlas.io/digital-objects/ref-organ/spleen-male/v1.0/assets/VH_M_Spleen.glb
1.0,Thymus,assets/images/thymus.svg,Thymus icon,Female,https://purl.humanatlas.io/ref-organ/thymus-female/v1.0,"Thymus, Female",https://cdn.humanatlas.io/digital-objects/ref-organ/thymus-female/v1.0/assets/VH_F_Thymus.glb
1.0,Thymus,assets/images/thymus.svg,Thymus icon,Male,https://purl.humanatlas.io/ref-organ/thymus-male/v1.0,"Thymus, Male",https://cdn.humanatlas.io/digital-objects/ref-organ/thymus-male/v1.0/assets/VH_M_Thymus.glb
1.0,Vasculature,,Vasculature icon,Female,https://purl.humanatlas.io/ref-organ/blood-vasculature-female/v1.0,"Vasculature, Female",https://cdn.humanatlas.io/digital-objects/ref-organ/blood-vasculature-female/v1.0/assets/VH_F_Vasculature.glb
1.0,Vasculature,,Vasculature icon,Male,https://purl.humanatlas.io/ref-organ/blood-vasculature-male/v1.0,"Vasculature, Male",https://cdn.humanatlas.io/digital-objects/ref-organ/blood-vasculature-male/v1.0/assets/VH_M_Vasculature.glb
1.1,Blood Vasculature,assets/images/blood_vasculature.svg,Blood Vasculature icon,Female,https://purl.humanatlas.io/ref-organ/blood-vasculature-female/v1.1,"Blood Vasculature, Female",https://cdn.humanatlas.io/digital-objects/ref-organ/blood-vasculature-female/v1.1/assets/VH_F_Blood_Vasculature.glb
1.1,Blood Vasculature,assets/images/blood_vasculature.svg,Blood Vasculature icon,Male,https://purl.humanatlas.io/ref-organ/blood-vasculature-male/v1.1,"Blood Vasculature, Male",https://cdn.humanatlas.io/digital-objects/ref-organ/blood-vasculature-male/v1.1/assets/VH_M_Blood_Vasculature.glb
1.1,Brain,assets/images/brain.svg,Brain icon,Female,https://purl.humanatlas.io/ref-organ/brain-female/v1.1,"Brain, Female",https://cdn.humanatlas.io/digital-objects/ref-organ/brain-female/v1.1/assets/Allen_F_Brain.glb
1.1,Brain,assets/images/brain.svg,Brain icon,Male,https://purl.humanatlas.io/ref-organ/brain-male/v1.1,"Brain, Male",https://cdn.humanatlas.io/digital-objects/ref-organ/brain-male/v1.1/assets/Allen_M_Brain.glb
1.1,Eye,assets/images/eye.svg,Eye icon,"Female, L",https://purl.humanatlas.io/ref-organ/eye-female-left/v1.0,"Eye, Female, Left",https://cdn.humanatlas.io/digital-objects/ref-organ/eye-female-left/v1.0/assets/VH_F_Eye_L.glb
1.1,Eye,assets/images/eye.svg,Eye icon,"Female, R",https://purl.humanatlas.io/ref-organ/eye-female-right/v1.0,"Eye, Female, Right",https://cdn.humanatlas.io/digital-objects/ref-organ/eye-female-right/v1.0/assets/VH_F_Eye_R.glb
1.1,Eye,assets/images/eye.svg,Eye icon,"Male, L",https://purl.humanatlas.io/ref-organ/eye-male-left/v1.0,"Eye, Male, Left",https://cdn.humanatlas.io/digital-objects/ref-organ/eye-male-left/v1.0/assets/VH_M_Eye_L.glb
1.1,Eye,assets/images/eye.svg,Eye icon,"Male, R",https://purl.humanatlas.io/ref-organ/eye-male-right/v1.0,"Eye, Male, Right",https://cdn.humanatlas.io/digital-objects/ref-organ/eye-male-right/v1.0/assets/VH_M_Eye_R.glb
1.1,Fallopian Tube,assets/images/fallopian_tube.svg,Fallopian Tube icon,"Female, L",https://purl.humanatlas.io/ref-organ/fallopian-tube-female-left/v1.0,"Fallopian Tube, Female, Left",https://cdn.humanatlas.io/digital-objects/ref-organ/fallopian-tube-female-left/v1.0/assets/VH_F_Fallopian_Tube_L.glb
1.1,Fallopian Tube,assets/images/fallopian_tube.svg,Fallopian Tube icon,"Female, R",https://purl.humanatlas.io/ref-organ/fallopian-tube-female-right/v1.0,"Fallopian Tube, Female, Right",https://cdn.humanatlas.io/digital-objects/ref-organ/fallopian-tube-female-right/v1.0/assets/VH_F_Fallopian_Tube_R.glb
1.1,Heart,assets/images/heart.svg,Heart icon,Female,https://purl.humanatlas.io/ref-organ/heart-female/v1.1,"Heart, Female",https://cdn.humanatlas.io/digital-objects/ref-organ/heart-female/v1.1/assets/VH_F_Heart.glb
1.1,Heart,assets/images/heart.svg,Heart icon,Male,https://purl.humanatlas.io/ref-organ/heart-male/v1.1,"Heart, Male",https://cdn.humanatlas.io/digital-objects/ref-organ/heart-male/v1.1/assets/VH_M_Heart.glb
1.1,Kidney,assets/images/kidney.svg,Kidney icon,"Female, L",https://purl.humanatlas.io/ref-organ/kidney-female-left/v1.1,"Kidney, Female, Left",https://cdn.humanatlas.io/digital-objects/ref-organ/kidney-female-left/v1.1/assets/VH_F_Kidney_L.glb
1.1,Kidney,assets/images/kidney.svg,Kidney icon,"Female, R",https://purl.humanatlas.io/ref-organ/kidney-female-right/v1.1,"Kidney, Female, Right",https://cdn.humanatlas.io/digital-objects/ref-organ/kidney-female-right/v1.1/assets/VH_F_Kidney_R.glb
1.1,Kidney,assets/images/kidney.svg,Kidney icon,"Male, L",https://purl.humanatlas.io/ref-organ/kidney-male-left/v1.1,"Kidney, Male, Left",https://cdn.humanatlas.io/digital-objects/ref-organ/kidney-male-left/v1.1/assets/VH_M_Kidney_L.glb
1.1,Kidney,assets/images/kidney.svg,Kidney icon,"Male, R",https://purl.humanatlas.io/ref-organ/kidney-male-right/v1.1,"Kidney, Male, Right",https://cdn.humanatlas.io/digital-objects/ref-organ/kidney-male-right/v1.1/assets/VH_M_Kidney_R.glb
1.1,Knee,assets/images/knee.svg,Knee icon,"Female, L",https://purl.humanatlas.io/ref-organ/knee-female-left/v1.0,"Knee, Female, Left",https://cdn.humanatlas.io/digital-objects/ref-organ/knee-female-left/v1.0/assets/VH_F_Knee_L.glb
1.1,Knee,assets/images/knee.svg,Knee icon,"Female, R",https://purl.humanatlas.io/ref-organ/knee-female-right/v1.0,"Knee, Female, Right",https://cdn.humanatlas.io/digital-objects/ref-organ/knee-female-right/v1.0/assets/VH_F_Knee_R.glb
1.1,Knee,assets/images/knee.svg,Knee icon,"Male, L",https://purl.humanatlas.io/ref-organ/knee-male-left/v1.0,"Knee, Male, Left",https://cdn.humanatlas.io/digital-objects/ref-organ/knee-male-left/v1.0/assets/VH_M_Knee_L.glb
1.1,Knee,assets/images/knee.svg,Knee icon,"Male, R",https://purl.humanatlas.io/ref-organ/knee-male-right/v1.0,"Knee, Male, Right",https://cdn.humanatlas.io/digital-objects/ref-organ/knee-male-right/v1.0/assets/VH_M_Knee_R.glb
1.1,Large Intestine,assets/images/large_intestine.svg,Large Intestine icon,Female,https://purl.humanatlas.io/ref-organ/large-intestine-female/v1.1,"Large Intestine, Female",https://cdn.humanatlas.io/digital-objects/ref-organ/large-intestine-female/v1.1/assets/SBU_F_Intestine_Large.glb
1.1,Large Intestine,assets/images/large_intestine.svg,Large Intestine icon,Male,https://purl.humanatlas.io/ref-organ/large-intestine-male/v1.1,"Large Intestine, Male",https://cdn.humanatlas.io/digital-objects/ref-organ/large-intestine-male/v1.1/assets/SBU_M_Intestine_Large.glb
1.1,Liver,assets/images/liver.svg,Liver icon,Female,https://purl.humanatlas.io/ref-organ/liver-female/v1.0,"Liver, Female",https://cdn.humanatlas.io/digital-objects/ref-organ/liver-female/v1.0/assets/VH_F_Liver.glb
1.1,Liver,assets/images/liver.svg,Liver icon,Male,https://purl.humanatlas.io/ref-organ/liver-male/v1.0,"Liver, Male",https://cdn.humanatlas.io/digital-objects/ref-organ/liver-male/v1.0/assets/VH_M_Liver.glb
1.1,Lung,assets/images/lung.svg,Lung icon,Female,https://purl.humanatlas.io/ref-organ/lung-female/v1.1,"Lung, Female",https://cdn.humanatlas.io/digital-objects/ref-organ/lung-female/v1.1/assets/VH_F_Lung.glb
1.1,Lung,assets/images/lung.svg,Lung icon,Male,https://purl.humanatlas.io/ref-organ/lung-male/v1.1,"Lung, Male",https://cdn.humanatlas.io/digital-objects/ref-organ/lung-male/v1.1/assets/VH_M_Lung.glb
1.1,Lymph Node,assets/images/lymph_node.svg,Lymph Node icon,Female,https://purl.humanatlas.io/ref-organ/lymph-node-female/v1.1,"Lymph Node, Female",https://cdn.humanatlas.io/digital-objects/ref-organ/lymph-node-female/v1.1/assets/NIH_F_Lymph_Node.glb
1.1,Lymph Node,assets/images/lymph_node.svg,Lymph Node icon,Male,https://purl.humanatlas.io/ref-organ/lymph-node-male/v1.1,"Lymph Node, Male",https://cdn.humanatlas.io/digital-objects/ref-organ/lymph-node-male/v1.1/assets/NIH_M_Lymph_Node.glb
1.1,Ovary,assets/images/ovary.svg,Ovary icon,"Female, L",https://purl.humanatlas.io/ref-organ/ovary-female-left/v1.0,"Ovary, Female, Left",https://cdn.humanatlas.io/digital-objects/ref-organ/ovary-female-left/v1.0/assets/VH_F_Ovary_L.glb
1.1,Ovary,assets/images/ovary.svg,Ovary icon,"Female, R",https://purl.humanatlas.io/ref-organ/ovary-female-right/v1.0,"Ovary, Female, Right",https://cdn.humanatlas.io/digital-objects/ref-organ/ovary-female-right/v1.0/assets/VH_F_Ovary_R.glb
1.1,Pancreas,assets/images/pancreas.svg,Pancreas icon,Female,https://purl.humanatlas.io/ref-organ/pancreas-female/v1.0,"Pancreas, Female",https://cdn.humanatlas.io/digital-objects/ref-organ/pancreas-female/v1.0/assets/VH_F_Pancreas.glb
1.1,Pancreas,assets/images/pancreas.svg,Pancreas icon,Male,https://purl.humanatlas.io/ref-organ/pancreas-male/v1.0,"Pancreas, Male",https://cdn.humanatlas.io/digital-objects/ref-organ/pancreas-male/v1.0/assets/VH_M_Pancreas.glb
1.1,Pelvis,assets/images/bone_marrow.svg,Pelvis icon,Female,https://purl.humanatlas.io/ref-organ/pelvis-female/v1.1,"Pelvis, Female",https://cdn.humanatlas.io/digital-objects/ref-organ/pelvis-female/v1.1/assets/VH_F_Pelvis.glb
1.1,Pelvis,assets/images/bone_marrow.svg,Pelvis icon,Male,https://purl.humanatlas.io/ref-organ/pelvis-male/v1.1,"Pelvis, Male",https://cdn.humanatlas.io/digital-objects/ref-organ/pelvis-male/v1.1/assets/VH_M_Pelvis.glb
1.1,Prostate,assets/images/prostate.svg,Prostate icon,Male,https://purl.humanatlas.io/ref-organ/prostate-male/v1.0,"Prostate, Male",https://cdn.humanatlas.io/digital-objects/ref-organ/prostate-male/v1.0/assets/VH_M_Prostate.glb
1.1,Skin,assets/images/skin.svg,Skin icon,Female,https://purl.humanatlas.io/ref-organ/skin-female/v1.1,"Skin, Female",https://cdn.humanatlas.io/digital-objects/ref-organ/skin-female/v1.1/assets/VH_F_Skin.glb
1.1,Skin,assets/images/skin.svg,Skin icon,Male,https://purl.humanatlas.io/ref-organ/skin-male/v1.1,"Skin, Male",https://cdn.humanatlas.io/digital-objects/ref-organ/skin-male/v1.1/assets/VH_M_Skin.glb
1.1,Small Intestine,assets/images/small_intestine.svg,Small Intestine icon,Female,https://purl.humanatlas.io/ref-organ/small-intestine-female/v1.1,"Small Intestine, Female",https://cdn.humanatlas.io/digital-objects/ref-organ/small-intestine-female/v1.1/assets/VH_F_Small_Intestine.glb
1.1,Small Intestine,assets/images/small_intestine.svg,Small Intestine icon,Male,https://purl.humanatlas.io/ref-organ/small-intestine-male/v1.0,"Small Intestine, Male",https://cdn.humanatlas.io/digital-objects/ref-organ/small-intestine-male/v1.0/assets/VH_M_Small_Intestine.glb
1.1,Spleen,assets/images/spleen.svg,Spleen icon,Female,https://purl.humanatlas.io/ref-organ/spleen-female/v1.1,"Spleen, Female",https://cdn.humanatlas.io/digital-objects/ref-organ/spleen-female/v1.1/assets/VH_F_Spleen.glb
1.1,Spleen,assets/images/spleen.svg,Spleen icon,Male,https://purl.humanatlas.io/ref-organ/spleen-male/v1.1,"Spleen, Male",https://cdn.humanatlas.io/digital-objects/ref-organ/spleen-male/v1.1/assets/VH_M_Spleen.glb
1.1,Thymus,assets/images/thymus.svg,Thymus icon,Female,https://purl.humanatlas.io/ref-organ/thymus-female/v1.1,"Thymus, Female",https://cdn.humanatlas.io/digital-objects/ref-organ/thymus-female/v1.1/assets/VH_F_Thymus.glb
1.1,Thymus,assets/images/thymus.svg,Thymus icon,Male,https://purl.humanatlas.io/ref-organ/thymus-male/v1.1,"Thymus, Male",https://cdn.humanatlas.io/digital-objects/ref-organ/thymus-male/v1.1/assets/VH_M_Thymus.glb
1.1,Ureter,assets/images/ureter.svg,Ureter icon,"Female, L",https://purl.humanatlas.io/ref-organ/ureter-female-left/v1.0,"Ureter, Female, Left",https://cdn.humanatlas.io/digital-objects/ref-organ/ureter-female-left/v1.0/assets/VH_F_Ureter_L.glb
1.1,Ureter,assets/images/ureter.svg,Ureter icon,"Female, R",https://purl.humanatlas.io/ref-organ/ureter-female-right/v1.0,"Ureter, Female, Right",https://cdn.humanatlas.io/digital-objects/ref-organ/ureter-female-right/v1.0/assets/VH_F_Ureter_R.glb
1.1,Ureter,assets/images/ureter.svg,Ureter icon,"Male, L",https://purl.humanatlas.io/ref-organ/ureter-male-left/v1.0,"Ureter, Male, Left",https://cdn.humanatlas.io/digital-objects/ref-organ/ureter-male-left/v1.0/assets/VH_M_Ureter_L.glb
1.1,Ureter,assets/images/ureter.svg,Ureter icon,"Male, R",https://purl.humanatlas.io/ref-organ/ureter-male-right/v1.0,"Ureter, Male, Right",https://cdn.humanatlas.io/digital-objects/ref-organ/ureter-male-right/v1.0/assets/VH_M_Ureter_R.glb
1.1,Urinary Bladder,assets/images/urinary_bladder.svg,Urinary Bladder icon,Female,https://purl.humanatlas.io/ref-organ/urinary-bladder-female/v1.0,"Urinary Bladder, Female",https://cdn.humanatlas.io/digital-objects/ref-organ/urinary-bladder-female/v1.0/assets/VH_F_Urinary_Bladder.glb
1.1,Urinary Bladder,assets/images/urinary_bladder.svg,Urinary Bladder icon,Male,https://purl.humanatlas.io/ref-organ/urinary-bladder-male/v1.0,"Urinary Bladder, Male",https://cdn.humanatlas.io/digital-objects/ref-organ/urinary-bladder-male/v1.0/assets/VH_M_Urinary_Bladder.glb
1.1,Uterus,assets/images/uterus.svg,Uterus icon,Female,https://purl.humanatlas.io/ref-organ/uterus-female/v1.0,"Uterus, Female",https://cdn.humanatlas.io/digital-objects/ref-organ/uterus-female/v1.0/assets/VH_F_Uterus.glb
1.2,All Organs,assets/images/all_organs.svg,All Organs icon,Female,https://purl.humanatlas.io/ref-organ/united-female/v1.2,"All Organs, Female",https://cdn.humanatlas.io/digital-objects/ref-organ/united-female/v1.2/assets/VH_F_United.glb
1.2,All Organs,assets/images/all_organs.svg,All Organs icon,Male,https://purl.humanatlas.io/ref-organ/united-male/v1.2,"All Organs, Male",https://cdn.humanatlas.io/digital-objects/ref-organ/united-male/v1.2/assets/VH_M_United.glb
1.2,Blood Vasculature,assets/images/blood_vasculature.svg,Blood Vasculature icon,Female,https://purl.humanatlas.io/ref-organ/blood-vasculature-female/v1.2,"Blood Vasculature, Female",https://cdn.humanatlas.io/digital-objects/ref-organ/blood-vasculature-female/v1.2/assets/VH_F_Blood_Vasculature.glb
1.2,Blood Vasculature,assets/images/blood_vasculature.svg,Blood Vasculature icon,Male,https://purl.humanatlas.io/ref-organ/blood-vasculature-male/v1.2,"Blood Vasculature, Male",https://cdn.humanatlas.io/digital-objects/ref-organ/blood-vasculature-male/v1.2/assets/VH_M_Blood_Vasculature.glb
1.2,Brain,assets/images/brain.svg,Brain icon,Female,https://purl.humanatlas.io/ref-organ/brain-female/v1.2,"Brain, Female",https://cdn.humanatlas.io/digital-objects/ref-organ/brain-female/v1.2/assets/Allen_F_Brain.glb
1.2,Brain,assets/images/brain.svg,Brain icon,Male,https://purl.humanatlas.io/ref-organ/brain-male/v1.2,"Brain, Male",https://cdn.humanatlas.io/digital-objects/ref-organ/brain-male/v1.2/assets/Allen_M_Brain.glb
1.2,Eye,assets/images/eye.svg,Eye icon,"Female, L",https://purl.humanatlas.io/ref-organ/eye-female-left/v1.1,"Eye, Female, Left",https://cdn.humanatlas.io/digital-objects/ref-organ/eye-female-left/v1.1/assets/VH_F_Eye_L.glb
1.2,Eye,assets/images/eye.svg,Eye icon,"Female, R",https://purl.humanatlas.io/ref-organ/eye-female-right/v1.1,"Eye, Female, Right",https://cdn.humanatlas.io/digital-objects/ref-organ/eye-female-right/v1.1/assets/VH_F_Eye_R.glb
1.2,Eye,assets/images/eye.svg,Eye icon,"Male, L",https://purl.humanatlas.io/ref-organ/eye-male-left/v1.1,"Eye, Male, Left",https://cdn.humanatlas.io/digital-objects/ref-organ/eye-male-left/v1.1/assets/VH_M_Eye_L.glb
1.2,Eye,assets/images/eye.svg,Eye icon,"Male, R",https://purl.humanatlas.io/ref-organ/eye-male-right/v1.1,"Eye, Male, Right",https://cdn.humanatlas.io/digital-objects/ref-organ/eye-male-right/v1.1/assets/VH_M_Eye_R.glb
1.2,Fallopian Tube,assets/images/fallopian_tube.svg,Fallopian Tube icon,"Female, L",https://purl.humanatlas.io/ref-organ/fallopian-tube-female-left/v1.1,"Fallopian Tube, Female, Left",https://cdn.humanatlas.io/digital-objects/ref-organ/fallopian-tube-female-left/v1.1/assets/VH_F_Fallopian_Tube_L.glb
1.2,Fallopian Tube,assets/images/fallopian_tube.svg,Fallopian Tube icon,"Female, R",https://purl.humanatlas.io/ref-organ/fallopian-tube-female-right/v1.1,"Fallopian Tube, Female, Right",https://cdn.humanatlas.io/digital-objects/ref-organ/fallopian-tube-female-right/v1.1/assets/VH_F_Fallopian_Tube_R.glb
1.2,Heart,assets/images/heart.svg,Heart icon,Female,https://purl.humanatlas.io/ref-organ/heart-female/v1.2,"Heart, Female",https://cdn.humanatlas.io/digital-objects/ref-organ/heart-female/v1.2/assets/VH_F_Heart.glb
1.2,Heart,assets/images/heart.svg,Heart icon,Male,https://purl.humanatlas.io/ref-organ/heart-male/v1.2,"Heart, Male",https://cdn.humanatlas.io/digital-objects/ref-organ/heart-male/v1.2/assets/VH_M_Heart.glb
1.2,Kidney,assets/images/kidney.svg,Kidney icon,"Female, L",https://purl.humanatlas.io/ref-organ/kidney-female-left/v1.2,"Kidney, Female, Left",https://cdn.humanatlas.io/digital-objects/ref-organ/kidney-female-left/v1.2/assets/VH_F_Kidney_L.glb
1.2,Kidney,assets/images/kidney.svg,Kidney icon,"Female, R",https://purl.humanatlas.io/ref-organ/kidney-female-right/v1.2,"Kidney, Female, Right",https://cdn.humanatlas.io/digital-objects/ref-organ/kidney-female-right/v1.2/assets/VH_F_Kidney_R.glb
1.2,Kidney,assets/images/kidney.svg,Kidney icon,"Male, L",https://purl.humanatlas.io/ref-organ/kidney-male-left/v1.2,"Kidney, Male, Left",https://cdn.humanatlas.io/digital-objects/ref-organ/kidney-male-left/v1.2/assets/VH_M_Kidney_L.glb
1.2,Kidney,assets/images/kidney.svg,Kidney icon,"Male, R",https://purl.humanatlas.io/ref-organ/kidney-male-right/v1.2,"Kidney, Male, Right",https://cdn.humanatlas.io/digital-objects/ref-organ/kidney-male-right/v1.2/assets/VH_M_Kidney_R.glb
1.2,Knee,assets/images/knee.svg,Knee icon,"Female, L",https://purl.humanatlas.io/ref-organ/knee-female-left/v1.1,"Knee, Female, Left",https://cdn.humanatlas.io/digital-objects/ref-organ/knee-female-left/v1.1/assets/VH_F_Knee_L.glb
1.2,Knee,assets/images/knee.svg,Knee icon,"Female, R",https://purl.humanatlas.io/ref-organ/knee-female-right/v1.1,"Knee, Female, Right",https://cdn.humanatlas.io/digital-objects/ref-organ/knee-female-right/v1.1/assets/VH_F_Knee_R.glb
1.2,Knee,assets/images/knee.svg,Knee icon,"Male, L",https://purl.humanatlas.io/ref-organ/knee-male-left/v1.1,"Knee, Male, Left",https://cdn.humanatlas.io/digital-objects/ref-organ/knee-male-left/v1.1/assets/VH_M_Knee_L.glb
1.2,Knee,assets/images/knee.svg,Knee icon,"Male, R",https://purl.humanatlas.io/ref-organ/knee-male-right/v1.1,"Knee, Male, Right",https://cdn.humanatlas.io/digital-objects/ref-organ/knee-male-right/v1.1/assets/VH_M_Knee_R.glb
1.2,Large Intestine,assets/images/large_intestine.svg,Large Intestine icon,Female,https://purl.humanatlas.io/ref-organ/large-intestine-female/v1.2,"Large Intestine, Female",https://cdn.humanatlas.io/digital-objects/ref-organ/large-intestine-female/v1.2/assets/SBU_F_Intestine_Large.glb
1.2,Large Intestine,assets/images/large_intestine.svg,Large Intestine icon,Male,https://purl.humanatlas.io/ref-organ/large-intestine-male/v1.2,"Large Intestine, Male",https://cdn.humanatlas.io/digital-objects/ref-organ/large-intestine-male/v1.2/assets/SBU_M_Intestine_Large.glb
1.2,Liver,assets/images/liver.svg,Liver icon,Female,https://purl.humanatlas.io/ref-organ/liver-female/v1.1,"Liver, Female",https://cdn.humanatlas.io/digital-objects/ref-organ/liver-female/v1.1/assets/VH_F_Liver.glb
1.2,Liver,assets/images/liver.svg,Liver icon,Male,https://purl.humanatlas.io/ref-organ/liver-male/v1.1,"Liver, Male",https://cdn.humanatlas.io/digital-objects/ref-organ/liver-male/v1.1/assets/VH_M_Liver.glb
1.2,Lung,assets/images/lung.svg,Lung icon,Female,https://purl.humanatlas.io/ref-organ/lung-female/v1.2,"Lung, Female",https://cdn.humanatlas.io/digital-objects/ref-organ/lung-female/v1.2/assets/VH_F_Lung.glb
1.2,Lung,assets/images/lung.svg,Lung icon,Male,https://purl.humanatlas.io/ref-organ/lung-male/v1.2,"Lung, Male",https://cdn.humanatlas.io/digital-objects/ref-organ/lung-male/v1.2/assets/VH_M_Lung.glb
1.2,Lymph Node,assets/images/lymph_node.svg,Lymph Node icon,Female,https://purl.humanatlas.io/ref-organ/lymph-node-female/v1.2,"Lymph Node, Female",https://cdn.humanatlas.io/digital-objects/ref-organ/lymph-node-female/v1.2/assets/NIH_F_Lymph_Node.glb
1.2,Lymph Node,assets/images/lymph_node.svg,Lymph Node icon,Male,https://purl.humanatlas.io/ref-organ/lymph-node-male/v1.2,"Lymph Node, Male",https://cdn.humanatlas.io/digital-objects/ref-organ/lymph-node-male/v1.2/assets/NIH_M_Lymph_Node.glb
1.2,Ovary,assets/images/ovary.svg,Ovary icon,"Female, L",https://purl.humanatlas.io/ref-organ/ovary-female-left/v1.1,"Ovary, Female, Left",https://cdn.humanatlas.io/digital-objects/ref-organ/ovary-female-left/v1.1/assets/VH_F_Ovary_L.glb
1.2,Ovary,assets/images/ovary.svg,Ovary icon,"Female, R",https://purl.humanatlas.io/ref-organ/ovary-female-right/v1.1,"Ovary, Female, Right",https://cdn.humanatlas.io/digital-objects/ref-organ/ovary-female-right/v1.1/assets/VH_F_Ovary_R.glb
1.2,Pancreas,assets/images/pancreas.svg,Pancreas icon,Female,https://purl.humanatlas.io/ref-organ/pancreas-female/v1.1,"Pancreas, Female",https://cdn.humanatlas.io/digital-objects/ref-organ/pancreas-female/v1.1/assets/VH_F_Pancreas.glb
1.2,Pancreas,assets/images/pancreas.svg,Pancreas icon,Male,https://purl.humanatlas.io/ref-organ/pancreas-male/v1.1,"Pancreas, Male",https://cdn.humanatlas.io/digital-objects/ref-organ/pancreas-male/v1.1/assets/VH_M_Pancreas.glb
1.2,Pelvis,assets/images/bone_marrow.svg,Pelvis icon,Female,https://purl.humanatlas.io/ref-organ/pelvis-female/v1.2,"Pelvis, Female",https://cdn.humanatlas.io/digital-objects/ref-organ/pelvis-female/v1.2/assets/VH_F_Pelvis.glb
1.2,Pelvis,assets/images/bone_marrow.svg,Pelvis icon,Male,https://purl.humanatlas.io/ref-organ/pelvis-male/v1.2,"Pelvis, Male",https://cdn.humanatlas.io/digital-objects/ref-organ/pelvis-male/v1.2/assets/VH_M_Pelvis.glb
1.2,Placenta,assets/images/placenta.svg,Placenta icon,Female,https://purl.humanatlas.io/ref-organ/placenta-full-term-female/v1.0,"Placenta, Female",https://cdn.humanatlas.io/digital-objects/ref-organ/placenta-full-term-female/v1.0/assets/VH_F_Placenta.glb
1.2,Prostate,assets/images/prostate.svg,Prostate icon,Male,https://purl.humanatlas.io/ref-organ/prostate-male/v1.1,"Prostate, Male",https://cdn.humanatlas.io/digital-objects/ref-organ/prostate-male/v1.1/assets/VH_M_Prostate.glb
1.2,Skin,assets/images/skin.svg,Skin icon,Female,https://purl.humanatlas.io/ref-organ/skin-female/v1.2,"Skin, Female",https://cdn.humanatlas.io/digital-objects/ref-organ/skin-female/v1.2/assets/VH_F_Skin.glb
1.2,Skin,assets/images/skin.svg,Skin icon,Male,https://purl.humanatlas.io/ref-organ/skin-male/v1.2,"Skin, Male",https://cdn.humanatlas.io/digital-objects/ref-organ/skin-male/v1.2/assets/VH_M_Skin.glb
1.2,Small Intestine,assets/images/small_intestine.svg,Small Intestine icon,Female,https://purl.humanatlas.io/ref-organ/small-intestine-female/v1.1,"Small Intestine, Female",https://cdn.humanatlas.io/digital-objects/ref-organ/small-intestine-female/v1.1/assets/VH_F_Small_Intestine.glb
1.2,Small Intestine,assets/images/small_intestine.svg,Small Intestine icon,Male,https://purl.humanatlas.io/ref-organ/small-intestine-male/v1.1,"Small Intestine, Male",https://cdn.humanatlas.io/digital-objects/ref-organ/small-intestine-male/v1.1/assets/VH_M_Small_Intestine.glb
1.2,Spinal Cord,assets/images/spinal_cord.svg,Spinal Cord icon,Female,https://purl.humanatlas.io/ref-organ/spinal-cord-female/v1.0,"Spinal Cord, Female",https://cdn.humanatlas.io/digital-objects/ref-organ/spinal-cord-female/v1.0/assets/VH_F_Spinal_Cord.glb
1.2,Spinal Cord,assets/images/spinal_cord.svg,Spinal Cord icon,Male,https://purl.humanatlas.io/ref-organ/spinal-cord-male/v1.0,"Spinal Cord, Male",https://cdn.humanatlas.io/digital-objects/ref-organ/spinal-cord-male/v1.0/assets/VH_M_Spinal_Cord.glb
1.2,Spleen,assets/images/spleen.svg,Spleen icon,Female,https://purl.humanatlas.io/ref-organ/spleen-female/v1.2,"Spleen, Female",https://cdn.humanatlas.io/digital-objects/ref-organ/spleen-female/v1.2/assets/VH_F_Spleen.glb
1.2,Spleen,assets/images/spleen.svg,Spleen icon,Male,https://purl.humanatlas.io/ref-organ/spleen-male/v1.2,"Spleen, Male",https://cdn.humanatlas.io/digital-objects/ref-organ/spleen-male/v1.2/assets/VH_M_Spleen.glb
1.2,Thymus,assets/images/thymus.svg,Thymus icon,Female,https://purl.humanatlas.io/ref-organ/thymus-female/v1.2,"Thymus, Female",https://cdn.humanatlas.io/digital-objects/ref-organ/thymus-female/v1.2/assets/VH_F_Thymus.glb
1.2,Thymus,assets/images/thymus.svg,Thymus icon,Male,https://purl.humanatlas.io/ref-organ/thymus-male/v1.2,"Thymus, Male",https://cdn.humanatlas.io/digital-objects/ref-organ/thymus-male/v1.2/assets/VH_M_Thymus.glb
1.2,Ureter,assets/images/ureter.svg,Ureter icon,"Female, L",https://purl.humanatlas.io/ref-organ/ureter-female-left/v1.1,"Ureter, Female, Left",https://cdn.humanatlas.io/digital-objects/ref-organ/ureter-female-left/v1.1/assets/VH_F_Ureter_L.glb
1.2,Ureter,assets/images/ureter.svg,Ureter icon,"Female, R",https://purl.humanatlas.io/ref-organ/ureter-female-right/v1.1,"Ureter, Female, Right",https://cdn.humanatlas.io/digital-objects/ref-organ/ureter-female-right/v1.1/assets/VH_F_Ureter_R.glb
1.2,Ureter,assets/images/ureter.svg,Ureter icon,"Male, L",https://purl.humanatlas.io/ref-organ/ureter-male-left/v1.1,"Ureter, Male, Left",https://cdn.humanatlas.io/digital-objects/ref-organ/ureter-male-left/v1.1/assets/VH_M_Ureter_L.glb
1.2,Ureter,assets/images/ureter.svg,Ureter icon,"Male, R",https://purl.humanatlas.io/ref-organ/ureter-male-right/v1.1,"Ureter, Male, Right",https://cdn.humanatlas.io/digital-objects/ref-organ/ureter-male-right/v1.1/assets/VH_M_Ureter_R.glb
1.2,Urinary Bladder,assets/images/urinary_bladder.svg,Urinary Bladder icon,Female,https://purl.humanatlas.io/ref-organ/urinary-bladder-female/v1.1,"Urinary Bladder, Female",https://cdn.humanatlas.io/digital-objects/ref-organ/urinary-bladder-female/v1.1/assets/VH_F_Urinary_Bladder.glb
1.2,Urinary Bladder,assets/images/urinary_bladder.svg,Urinary Bladder icon,Male,https://purl.humanatlas.io/ref-organ/urinary-bladder-male/v1.1,"Urinary Bladder, Male",https://cdn.humanatlas.io/digital-objects/ref-organ/urinary-bladder-male/v1.1/assets/VH_M_Urinary_Bladder.glb
1.2,Uterus,assets/images/uterus.svg,Uterus icon,Female,https://purl.humanatlas.io/ref-organ/uterus-female/v1.1,"Uterus, Female",https://cdn.humanatlas.io/digital-objects/ref-organ/uterus-female/v1.1/assets/VH_F_Uterus.glb
1.3,All Organs,assets/images/all_organs.svg,All Organs icon,Female,https://purl.humanatlas.io/ref-organ/united-female/v1.3,"All Organs, Female",https://cdn.humanatlas.io/digital-objects/ref-organ/united-female/v1.3/assets/3d-vh-f-united.glb
1.3,All Organs,assets/images/all_organs.svg,All Organs icon,Male,https://purl.humanatlas.io/ref-organ/united-male/v1.3,"All Organs, Male",https://cdn.humanatlas.io/digital-objects/ref-organ/united-male/v1.3/assets/VH_M_United.glb
1.3,Blood Vasculature,assets/images/blood_vasculature.svg,Blood Vasculature icon,Female,https://purl.humanatlas.io/ref-organ/blood-vasculature-female/v1.2,"Blood Vasculature, Female",https://cdn.humanatlas.io/digital-objects/ref-organ/blood-vasculature-female/v1.2/assets/VH_F_Blood_Vasculature.glb
1.3,Blood Vasculature,assets/images/blood_vasculature.svg,Blood Vasculature icon,Male,https://purl.humanatlas.io/ref-organ/blood-vasculature-male/v1.2,"Blood Vasculature, Male",https://cdn.humanatlas.io/digital-objects/ref-organ/blood-vasculature-male/v1.2/assets/VH_M_Blood_Vasculature.glb
1.3,Brain,assets/images/brain.svg,Brain icon,Female,https://purl.humanatlas.io/ref-organ/brain-female/v1.2,"Brain, Female",https://cdn.humanatlas.io/digital-objects/ref-organ/brain-female/v1.2/assets/Allen_F_Brain.glb
1.3,Brain,assets/images/brain.svg,Brain icon,Male,https://purl.humanatlas.io/ref-organ/brain-male/v1.2,"Brain, Male",https://cdn.humanatlas.io/digital-objects/ref-organ/brain-male/v1.2/assets/Allen_M_Brain.glb
1.3,Eye,assets/images/eye.svg,Eye icon,"Female, L",https://purl.humanatlas.io/ref-organ/eye-female-left/v1.1,"Eye, Female, Left",https://cdn.humanatlas.io/digital-objects/ref-organ/eye-female-left/v1.1/assets/VH_F_Eye_L.glb
1.3,Eye,assets/images/eye.svg,Eye icon,"Female, R",https://purl.humanatlas.io/ref-organ/eye-female-right/v1.1,"Eye, Female, Right",https://cdn.humanatlas.io/digital-objects/ref-organ/eye-female-right/v1.1/assets/VH_F_Eye_R.glb
1.3,Eye,assets/images/eye.svg,Eye icon,"Male, L",https://purl.humanatlas.io/ref-organ/eye-male-left/v1.1,"Eye, Male, Left",https://cdn.humanatlas.io/digital-objects/ref-organ/eye-male-left/v1.1/assets/VH_M_Eye_L.glb
1.3,Eye,assets/images/eye.svg,Eye icon,"Male, R",https://purl.humanatlas.io/ref-organ/eye-male-right/v1.1,"Eye, Male, Right",https://cdn.humanatlas.io/digital-objects/ref-organ/eye-male-right/v1.1/assets/VH_M_Eye_R.glb
1.3,Fallopian Tube,assets/images/fallopian_tube.svg,Fallopian Tube icon,"Female, L",https://purl.humanatlas.io/ref-organ/fallopian-tube-female-left/v1.1,"Fallopian Tube, Female, Left",https://cdn.humanatlas.io/digital-objects/ref-organ/fallopian-tube-female-left/v1.1/assets/VH_F_Fallopian_Tube_L.glb
1.3,Fallopian Tube,assets/images/fallopian_tube.svg,Fallopian Tube icon,"Female, R",https://purl.humanatlas.io/ref-organ/fallopian-tube-female-right/v1.1,"Fallopian Tube, Female, Right",https://cdn.humanatlas.io/digital-objects/ref-organ/fallopian-tube-female-right/v1.1/assets/VH_F_Fallopian_Tube_R.glb
1.3,Heart,assets/images/heart.svg,Heart icon,Female,https://purl.humanatlas.io/ref-organ/heart-female/v1.2,"Heart, Female",https://cdn.humanatlas.io/digital-objects/ref-organ/heart-female/v1.2/assets/VH_F_Heart.glb
1.3,Heart,assets/images/heart.svg,Heart icon,Male,https://purl.humanatlas.io/ref-organ/heart-male/v1.2,"Heart, Male",https://cdn.humanatlas.io/digital-objects/ref-organ/heart-male/v1.2/assets/VH_M_Heart.glb
1.3,Kidney,assets/images/kidney.svg,Kidney icon,"Female, L",https://purl.humanatlas.io/ref-organ/kidney-female-left/v1.2,"Kidney, Female, Left",https://cdn.humanatlas.io/digital-objects/ref-organ/kidney-female-left/v1.2/assets/VH_F_Kidney_L.glb
1.3,Kidney,assets/images/kidney.svg,Kidney icon,"Female, R",https://purl.humanatlas.io/ref-organ/kidney-female-right/v1.2,"Kidney, Female, Right",https://cdn.humanatlas.io/digital-objects/ref-organ/kidney-female-right/v1.2/assets/VH_F_Kidney_R.glb
1.3,Kidney,assets/images/kidney.svg,Kidney icon,"Male, L",https://purl.humanatlas.io/ref-organ/kidney-male-left/v1.2,"Kidney, Male, Left",https://cdn.humanatlas.io/digital-objects/ref-organ/kidney-male-left/v1.2/assets/VH_M_Kidney_L.glb
1.3,Kidney,assets/images/kidney.svg,Kidney icon,"Male, R",https://purl.humanatlas.io/ref-organ/kidney-male-right/v1.2,"Kidney, Male, Right",https://cdn.humanatlas.io/digital-objects/ref-organ/kidney-male-right/v1.2/assets/VH_M_Kidney_R.glb
1.3,Knee,assets/images/knee.svg,Knee icon,"Female, L",https://purl.humanatlas.io/ref-organ/knee-female-left/v1.1,"Knee, Female, Left",https://cdn.humanatlas.io/digital-objects/ref-organ/knee-female-left/v1.1/assets/VH_F_Knee_L.glb
1.3,Knee,assets/images/knee.svg,Knee icon,"Female, R",https://purl.humanatlas.io/ref-organ/knee-female-right/v1.1,"Knee, Female, Right",https://cdn.humanatlas.io/digital-objects/ref-organ/knee-female-right/v1.1/assets/VH_F_Knee_R.glb
1.3,Knee,assets/images/knee.svg,Knee icon,"Male, L",https://purl.humanatlas.io/ref-organ/knee-male-left/v1.1,"Knee, Male, Left",https://cdn.humanatlas.io/digital-objects/ref-organ/knee-male-left/v1.1/assets/VH_M_Knee_L.glb
1.3,Knee,assets/images/knee.svg,Knee icon,"Male, R",https://purl.humanatlas.io/ref-organ/knee-male-right/v1.1,"Knee, Male, Right",https://cdn.humanatlas.io/digital-objects/ref-organ/knee-male-right/v1.1/assets/VH_M_Knee_R.glb
1.3,Large Intestine,assets/images/large_intestine.svg,Large Intestine icon,Female,https://purl.humanatlas.io/ref-organ/large-intestine-female/v1.2,"Large Intestine, Female",https://cdn.humanatlas.io/digital-objects/ref-organ/large-intestine-female/v1.2/assets/SBU_F_Intestine_Large.glb
1.3,Large Intestine,assets/images/large_intestine.svg,Large Intestine icon,Male,https://purl.humanatlas.io/ref-organ/large-intestine-male/v1.2,"Large Intestine, Male",https://cdn.humanatlas.io/digital-objects/ref-organ/large-intestine-male/v1.2/assets/SBU_M_Intestine_Large.glb
1.3,Liver,assets/images/liver.svg,Liver icon,Female,https://purl.humanatlas.io/ref-organ/liver-female/v1.1,"Liver, Female",https://cdn.humanatlas.io/digital-objects/ref-organ/liver-female/v1.1/assets/VH_F_Liver.glb
1.3,Liver,assets/images/liver.svg,Liver icon,Male,https://purl.humanatlas.io/ref-organ/liver-male/v1.1,"Liver, Male",https://cdn.humanatlas.io/digital-objects/ref-organ/liver-male/v1.1/assets/VH_M_Liver.glb
1.3,Lung,assets/images/lung.svg,Lung icon,Female,https://purl.humanatlas.io/ref-organ/lung-female/v1.2,"Lung, Female",https://cdn.humanatlas.io/digital-objects/ref-organ/lung-female/v1.2/assets/VH_F_Lung.glb
1.3,Lung,assets/images/lung.svg,Lung icon,Male,https://purl.humanatlas.io/ref-organ/lung-male/v1.2,"Lung, Male",https://cdn.humanatlas.io/digital-objects/ref-organ/lung-male/v1.2/assets/VH_M_Lung.glb
1.3,Lymph Node,assets/images/lymph_node.svg,Lymph Node icon,Female,https://purl.humanatlas.io/ref-organ/lymph-node-female/v1.2,"Lymph Node, Female",https://cdn.humanatlas.io/digital-objects/ref-organ/lymph-node-female/v1.2/assets/NIH_F_Lymph_Node.glb
1.3,Lymph Node,assets/images/lymph_node.svg,Lymph Node icon,Male,https://purl.humanatlas.io/ref-organ/lymph-node-male/v1.2,"Lymph Node, Male",https://cdn.humanatlas.io/digital-objects/ref-organ/lymph-node-male/v1.2/assets/NIH_M_Lymph_Node.glb
1.3,Mammary Gland,assets/images/mammary_gland.svg,Mammary Gland icon,"Female, L",https://purl.humanatlas.io/ref-organ/mammary-gland-female-left/v1.0,"Mammary Gland, Female, Left",https://cdn.humanatlas.io/digital-objects/ref-organ/mammary-gland-female-left/v1.0/assets/3d-vh-f-mammary-gland-l.glb
1.3,Mammary Gland,assets/images/mammary_gland.svg,Mammary Gland icon,"Female, R",https://purl.humanatlas.io/ref-organ/mammary-gland-female-right/v1.0,"Mammary Gland, Female, Right",https://cdn.humanatlas.io/digital-objects/ref-organ/mammary-gland-female-right/v1.0/assets/3d-vh-f-mammary-gland-r.glb
1.3,Ovary,assets/images/ovary.svg,Ovary icon,"Female, L",https://purl.humanatlas.io/ref-organ/ovary-female-left/v1.1,"Ovary, Female, Left",https://cdn.humanatlas.io/digital-objects/ref-organ/ovary-female-left/v1.1/assets/VH_F_Ovary_L.glb
1.3,Ovary,assets/images/ovary.svg,Ovary icon,"Female, R",https://purl.humanatlas.io/ref-organ/ovary-female-right/v1.1,"Ovary, Female, Right",https://cdn.humanatlas.io/digital-objects/ref-organ/ovary-female-right/v1.1/assets/VH_F_Ovary_R.glb
1.3,Pancreas,assets/images/pancreas.svg,Pancreas icon,Female,https://purl.humanatlas.io/ref-organ/pancreas-female/v1.1,"Pancreas, Female",https://cdn.humanatlas.io/digital-objects/ref-organ/pancreas-female/v1.1/assets/VH_F_Pancreas.glb
1.3,Pancreas,assets/images/pancreas.svg,Pancreas icon,Male,https://purl.humanatlas.io/ref-organ/pancreas-male/v1.1,"Pancreas, Male",https://cdn.humanatlas.io/digital-objects/ref-organ/pancreas-male/v1.1/assets/VH_M_Pancreas.glb
1.3,Pelvis,assets/images/bone_marrow.svg,Pelvis icon,Female,https://purl.humanatlas.io/ref-organ/pelvis-female/v1.2,"Pelvis, Female",https://cdn.humanatlas.io/digital-objects/ref-organ/pelvis-female/v1.2/assets/VH_F_Pelvis.glb
1.3,Pelvis,assets/images/bone_marrow.svg,Pelvis icon,Male,https://purl.humanatlas.io/ref-organ/pelvis-male/v1.2,"Pelvis, Male",https://cdn.humanatlas.io/digital-objects/ref-organ/pelvis-male/v1.2/assets/VH_M_Pelvis.glb
1.3,Placenta,assets/images/placenta.svg,Placenta icon,Female,https://purl.humanatlas.io/ref-organ/placenta-full-term-female/v1.0,"Placenta, Female",https://cdn.humanatlas.io/digital-objects/ref-organ/placenta-full-term-female/v1.0/assets/VH_F_Placenta.glb
1.3,Prostate,assets/images/prostate.svg,Prostate icon,Male,https://purl.humanatlas.io/ref-organ/prostate-male/v1.1,"Prostate, Male",https://cdn.humanatlas.io/digital-objects/ref-organ/prostate-male/v1.1/assets/VH_M_Prostate.glb
1.3,Skin,assets/images/skin.svg,Skin icon,Female,https://purl.humanatlas.io/ref-organ/skin-female/v1.3,"Skin, Female",https://cdn.humanatlas.io/digital-objects/ref-organ/skin-female/v1.3/assets/3d-vh-f-skin.glb
1.3,Skin,assets/images/skin.svg,Skin icon,Male,https://purl.humanatlas.io/ref-organ/skin-male/v1.2,"Skin, Male",https://cdn.humanatlas.io/digital-objects/ref-organ/skin-male/v1.2/assets/VH_M_Skin.glb
1.3,Small Intestine,assets/images/small_intestine.svg,Small Intestine icon,Female,https://purl.humanatlas.io/ref-organ/small-intestine-female/v1.1,"Small Intestine, Female",https://cdn.humanatlas.io/digital-objects/ref-organ/small-intestine-female/v1.1/assets/VH_F_Small_Intestine.glb
1.3,Small Intestine,assets/images/small_intestine.svg,Small Intestine icon,Male,https://purl.humanatlas.io/ref-organ/small-intestine-male/v1.1,"Small Intestine, Male",https://cdn.humanatlas.io/digital-objects/ref-organ/small-intestine-male/v1.1/assets/VH_M_Small_Intestine.glb
1.3,Spinal Cord,assets/images/spinal_cord.svg,Spinal Cord icon,Female,https://purl.humanatlas.io/ref-organ/spinal-cord-female/v1.0,"Spinal Cord, Female",https://cdn.humanatlas.io/digital-objects/ref-organ/spinal-cord-female/v1.0/assets/VH_F_Spinal_Cord.glb
1.3,Spinal Cord,assets/images/spinal_cord.svg,Spinal Cord icon,Male,https://purl.humanatlas.io/ref-organ/spinal-cord-male/v1.0,"Spinal Cord, Male",https://cdn.humanatlas.io/digital-objects/ref-organ/spinal-cord-male/v1.0/assets/VH_M_Spinal_Cord.glb
1.3,Spleen,assets/images/spleen.svg,Spleen icon,Female,https://purl.humanatlas.io/ref-organ/spleen-female/v1.2,"Spleen, Female",https://cdn.humanatlas.io/digital-objects/ref-organ/spleen-female/v1.2/assets/VH_F_Spleen.glb
1.3,Spleen,assets/images/spleen.svg,Spleen icon,Male,https://purl.humanatlas.io/ref-organ/spleen-male/v1.2,"Spleen, Male",https://cdn.humanatlas.io/digital-objects/ref-organ/spleen-male/v1.2/assets/VH_M_Spleen.glb
1.3,Thymus,assets/images/thymus.svg,Thymus icon,Female,https://purl.humanatlas.io/ref-organ/thymus-female/v1.2,"Thymus, Female",https://cdn.humanatlas.io/digital-objects/ref-organ/thymus-female/v1.2/assets/VH_F_Thymus.glb
1.3,Thymus,assets/images/thymus.svg,Thymus icon,Male,https://purl.humanatlas.io/ref-organ/thymus-male/v1.2,"Thymus, Male",https://cdn.humanatlas.io/digital-objects/ref-organ/thymus-male/v1.2/assets/VH_M_Thymus.glb
1.3,Ureter,assets/images/ureter.svg,Ureter icon,"Female, L",https://purl.humanatlas.io/ref-organ/ureter-female-left/v1.1,"Ureter, Female, Left",https://cdn.humanatlas.io/digital-objects/ref-organ/ureter-female-left/v1.1/assets/VH_F_Ureter_L.glb
1.3,Ureter,assets/images/ureter.svg,Ureter icon,"Female, R",https://purl.humanatlas.io/ref-organ/ureter-female-right/v1.1,"Ureter, Female, Right",https://cdn.humanatlas.io/digital-objects/ref-organ/ureter-female-right/v1.1/assets/VH_F_Ureter_R.glb
1.3,Ureter,assets/images/ureter.svg,Ureter icon,"Male, L",https://purl.humanatlas.io/ref-organ/ureter-male-left/v1.1,"Ureter, Male, Left",https://cdn.humanatlas.io/digital-objects/ref-organ/ureter-male-left/v1.1/assets/VH_M_Ureter_L.glb
1.3,Ureter,assets/images/ureter.svg,Ureter icon,"Male, R",https://purl.humanatlas.io/ref-organ/ureter-male-right/v1.1,"Ureter, Male, Right",https://cdn.humanatlas.io/digital-objects/ref-organ/ureter-male-right/v1.1/assets/VH_M_Ureter_R.glb
1.3,Urinary Bladder,assets/images/urinary_bladder.svg,Urinary Bladder icon,Female,https://purl.humanatlas.io/ref-organ/urinary-bladder-female/v1.1,"Urinary Bladder, Female",https://cdn.humanatlas.io/digital-objects/ref-organ/urinary-bladder-female/v1.1/assets/VH_F_Urinary_Bladder.glb
1.3,Urinary Bladder,assets/images/urinary_bladder.svg,Urinary Bladder icon,Male,https://purl.humanatlas.io/ref-organ/urinary-bladder-male/v1.1,"Urinary Bladder, Male",https://cdn.humanatlas.io/digital-objects/ref-organ/urinary-bladder-male/v1.1/assets/VH_M_Urinary_Bladder.glb
1.3,Uterus,assets/images/uterus.svg,Uterus icon,Female,https://purl.humanatlas.io/ref-organ/uterus-female/v1.1,"Uterus, Female",https://cdn.humanatlas.io/digital-objects/ref-organ/uterus-female/v1.1/assets/VH_F_Uterus.glb
1.4,All Organs,assets/images/all_organs.svg,All Organs icon,Female,https://purl.humanatlas.io/ref-organ/united-female/v1.4,"All Organs, Female",https://cdn.humanatlas.io/digital-objects/ref-organ/united-female/v1.4/assets/3d-vh-f-united.glb
1.4,All Organs,assets/images/all_organs.svg,All Organs icon,Male,https://purl.humanatlas.io/ref-organ/united-male/v1.4,"All Organs, Male",https://cdn.humanatlas.io/digital-objects/ref-organ/united-male/v1.4/assets/3d-vh-m-united.glb
1.4,Blood Vasculature,assets/images/blood_vasculature.svg,Blood Vasculature icon,Female,https://purl.humanatlas.io/ref-organ/blood-vasculature-female/v1.2,"Blood Vasculature, Female",https://cdn.humanatlas.io/digital-objects/ref-organ/blood-vasculature-female/v1.2/assets/VH_F_Blood_Vasculature.glb
1.4,Blood Vasculature,assets/images/blood_vasculature.svg,Blood Vasculature icon,Male,https://purl.humanatlas.io/ref-organ/blood-vasculature-male/v1.2,"Blood Vasculature, Male",https://cdn.humanatlas.io/digital-objects/ref-organ/blood-vasculature-male/v1.2/assets/VH_M_Blood_Vasculature.glb
1.4,Brain,assets/images/brain.svg,Brain icon,Female,https://purl.humanatlas.io/ref-organ/brain-female/v1.2,"Brain, Female",https://cdn.humanatlas.io/digital-objects/ref-organ/brain-female/v1.2/assets/Allen_F_Brain.glb
1.4,Brain,assets/images/brain.svg,Brain icon,Male,https://purl.humanatlas.io/ref-organ/brain-male/v1.2,"Brain, Male",https://cdn.humanatlas.io/digital-objects/ref-organ/brain-male/v1.2/assets/Allen_M_Brain.glb
1.4,Eye,assets/images/eye.svg,Eye icon,"Female, L",https://purl.humanatlas.io/ref-organ/eye-female-left/v1.2,"Eye, Female, Left",https://cdn.humanatlas.io/digital-objects/ref-organ/eye-female-left/v1.2/assets/3d-vh-f-eye-l.glb
1.4,Eye,assets/images/eye.svg,Eye icon,"Female, R",https://purl.humanatlas.io/ref-organ/eye-female-right/v1.2,"Eye, Female, Right",https://cdn.humanatlas.io/digital-objects/ref-organ/eye-female-right/v1.2/assets/3d-vh-f-eye-r.glb
1.4,Eye,assets/images/eye.svg,Eye icon,"Male, L",https://purl.humanatlas.io/ref-organ/eye-male-left/v1.2,"Eye, Male, Left",https://cdn.humanatlas.io/digital-objects/ref-organ/eye-male-left/v1.2/assets/3d-vh-m-eye-l.glb
1.4,Eye,assets/images/eye.svg,Eye icon,"Male, R",https://purl.humanatlas.io/ref-organ/eye-male-right/v1.2,"Eye, Male, Right",https://cdn.humanatlas.io/digital-objects/ref-organ/eye-male-right/v1.2/assets/3d-vh-m-eye-r.glb
1.4,Fallopian Tube,assets/images/fallopian_tube.svg,Fallopian Tube icon,"Female, L",https://purl.humanatlas.io/ref-organ/fallopian-tube-female-left/v1.1,"Fallopian Tube, Female, Left",https://cdn.humanatlas.io/digital-objects/ref-organ/fallopian-tube-female-left/v1.1/assets/VH_F_Fallopian_Tube_L.glb
1.4,Fallopian Tube,assets/images/fallopian_tube.svg,Fallopian Tube icon,"Female, R",https://purl.humanatlas.io/ref-organ/fallopian-tube-female-right/v1.1,"Fallopian Tube, Female, Right",https://cdn.humanatlas.io/digital-objects/ref-organ/fallopian-tube-female-right/v1.1/assets/VH_F_Fallopian_Tube_R.glb
1.4,Heart,assets/images/heart.svg,Heart icon,Female,https://purl.humanatlas.io/ref-organ/heart-female/v1.2,"Heart, Female",https://cdn.humanatlas.io/digital-objects/ref-organ/heart-female/v1.2/assets/VH_F_Heart.glb
1.4,Heart,assets/images/heart.svg,Heart icon,Male,https://purl.humanatlas.io/ref-organ/heart-male/v1.2,"Heart, Male",https://cdn.humanatlas.io/digital-objects/ref-organ/heart-male/v1.2/assets/VH_M_Heart.glb
1.4,Kidney,assets/images/kidney.svg,Kidney icon,"Female, L",https://purl.humanatlas.io/ref-organ/kidney-female-left/v1.2,"Kidney, Female, Left",https://cdn.humanatlas.io/digital-objects/ref-organ/kidney-female-left/v1.2/assets/VH_F_Kidney_L.glb
1.4,Kidney,assets/images/kidney.svg,Kidney icon,"Female, R",https://purl.humanatlas.io/ref-organ/kidney-female-right/v1.2,"Kidney, Female, Right",https://cdn.humanatlas.io/digital-objects/ref-organ/kidney-female-right/v1.2/assets/VH_F_Kidney_R.glb
1.4,Kidney,assets/images/kidney.svg,Kidney icon,"Male, L",https://purl.humanatlas.io/ref-organ/kidney-male-left/v1.2,"Kidney, Male, Left",https://cdn.humanatlas.io/digital-objects/ref-organ/kidney-male-left/v1.2/assets/VH_M_Kidney_L.glb
1.4,Kidney,assets/images/kidney.svg,Kidney icon,"Male, R",https://purl.humanatlas.io/ref-organ/kidney-male-right/v1.2,"Kidney, Male, Right",https://cdn.humanatlas.io/digital-objects/ref-organ/kidney-male-right/v1.2/assets/VH_M_Kidney_R.glb
1.4,Knee,assets/images/knee.svg,Knee icon,"Female, L",https://purl.humanatlas.io/ref-organ/knee-female-left/v1.1,"Knee, Female, Left",https://cdn.humanatlas.io/digital-objects/ref-organ/knee-female-left/v1.1/assets/VH_F_Knee_L.glb
1.4,Knee,assets/images/knee.svg,Knee icon,"Female, R",https://purl.humanatlas.io/ref-organ/knee-female-right/v1.1,"Knee, Female, Right",https://cdn.humanatlas.io/digital-objects/ref-organ/knee-female-right/v1.1/assets/VH_F_Knee_R.glb
1.4,Knee,assets/images/knee.svg,Knee icon,"Male, L",https://purl.humanatlas.io/ref-organ/knee-male-left/v1.1,"Knee, Male, Left",https://cdn.humanatlas.io/digital-objects/ref-organ/knee-male-left/v1.1/assets/VH_M_Knee_L.glb
1.4,Knee,assets/images/knee.svg,Knee icon,"Male, R",https://purl.humanatlas.io/ref-organ/knee-male-right/v1.1,"Knee, Male, Right",https://cdn.humanatlas.io/digital-objects/ref-organ/knee-male-right/v1.1/assets/VH_M_Knee_R.glb
1.4,Large Intestine,assets/images/large_intestine.svg,Large Intestine icon,Female,https://purl.humanatlas.io/ref-organ/large-intestine-female/v1.2,"Large Intestine, Female",https://cdn.humanatlas.io/digital-objects/ref-organ/large-intestine-female/v1.2/assets/SBU_F_Intestine_Large.glb
1.4,Large Intestine,assets/images/large_intestine.svg,Large Intestine icon,Male,https://purl.humanatlas.io/ref-organ/large-intestine-male/v1.2,"Large Intestine, Male",https://cdn.humanatlas.io/digital-objects/ref-organ/large-intestine-male/v1.2/assets/SBU_M_Intestine_Large.glb
1.4,Larynx,assets/images/larynx.svg,Larynx icon,Female,https://purl.humanatlas.io/ref-organ/larynx-female/v1.0,"Larynx, Female",https://cdn.humanatlas.io/digital-objects/ref-organ/larynx-female/v1.0/assets/3d-vh-f-larynx.glb
1.4,Larynx,assets/images/larynx.svg,Larynx icon,Male,https://purl.humanatlas.io/ref-organ/larynx-male/v1.0,"Larynx, Male",https://cdn.humanatlas.io/digital-objects/ref-organ/larynx-male/v1.0/assets/3d-vh-m-larynx.glb
1.4,Liver,assets/images/liver.svg,Liver icon,Female,https://purl.humanatlas.io/ref-organ/liver-female/v1.1,"Liver, Female",https://cdn.humanatlas.io/digital-objects/ref-organ/liver-female/v1.1/assets/VH_F_Liver.glb
1.4,Liver,assets/images/liver.svg,Liver icon,Male,https://purl.humanatlas.io/ref-organ/liver-male/v1.1,"Liver, Male",https://cdn.humanatlas.io/digital-objects/ref-organ/liver-male/v1.1/assets/VH_M_Liver.glb
1.4,Lung,assets/images/lung.svg,Lung icon,Female,https://purl.humanatlas.io/ref-organ/lung-female/v1.3,"Lung, Female",https://cdn.humanatlas.io/digital-objects/ref-organ/lung-female/v1.3/assets/3d-vh-f-lung.glb
1.4,Lung,assets/images/lung.svg,Lung icon,Male,https://purl.humanatlas.io/ref-organ/lung-male/v1.3,"Lung, Male",https://cdn.humanatlas.io/digital-objects/ref-organ/lung-male/v1.3/assets/3d-vh-m-lung.glb
1.4,Lymph Node,assets/images/lymph_node.svg,Lymph Node icon,Female,https://purl.humanatlas.io/ref-organ/lymph-node-female/v1.2,"Lymph Node, Female",https://cdn.humanatlas.io/digital-objects/ref-organ/lymph-node-female/v1.2/assets/NIH_F_Lymph_Node.glb
1.4,Lymph Node,assets/images/lymph_node.svg,Lymph Node icon,Male,https://purl.humanatlas.io/ref-organ/lymph-node-male/v1.2,"Lymph Node, Male",https://cdn.humanatlas.io/digital-objects/ref-organ/lymph-node-male/v1.2/assets/NIH_M_Lymph_Node.glb
1.4,Main Bronchus,assets/images/extrapulmonaryBronchus.svg,Main Bronchus icon,Female,https://purl.humanatlas.io/ref-organ/main-bronchus-female/v1.0,"Main Bronchus, Female",https://cdn.humanatlas.io/digital-objects/ref-organ/main-bronchus-female/v1.0/assets/3d-vh-f-main-bronchus.glb
1.4,Main Bronchus,assets/images/extrapulmonaryBronchus.svg,Main Bronchus icon,Male,https://purl.humanatlas.io/ref-organ/main-bronchus-male/v1.0,"Main Bronchus, Male",https://cdn.humanatlas.io/digital-objects/ref-organ/main-bronchus-male/v1.0/assets/3d-vh-m-main-bronchus.glb
1.4,Mammary Gland,assets/images/mammary_gland.svg,Mammary Gland icon,"Female, L",https://purl.humanatlas.io/ref-organ/mammary-gland-female-left/v1.0,"Mammary Gland, Female, Left",https://cdn.humanatlas.io/digital-objects/ref-organ/mammary-gland-female-left/v1.0/assets/3d-vh-f-mammary-gland-l.glb
1.4,Mammary Gland,assets/images/mammary_gland.svg,Mammary Gland icon,"Female, R",https://purl.humanatlas.io/ref-organ/mammary-gland-female-right/v1.0,"Mammary Gland, Female, Right",https://cdn.humanatlas.io/digital-objects/ref-organ/mammary-gland-female-right/v1.0/assets/3d-vh-f-mammary-gland-r.glb
1.4,Ovary,assets/images/ovary.svg,Ovary icon,"Female, L",https://purl.humanatlas.io/ref-organ/ovary-female-left/v1.1,"Ovary, Female, Left",https://cdn.humanatlas.io/digital-objects/ref-organ/ovary-female-left/v1.1/assets/VH_F_Ovary_L.glb
1.4,Ovary,assets/images/ovary.svg,Ovary icon,"Female, R",https://purl.humanatlas.io/ref-organ/ovary-female-right/v1.1,"Ovary, Female, Right",https://cdn.humanatlas.io/digital-objects/ref-organ/ovary-female-right/v1.1/assets/VH_F_Ovary_R.glb
1.4,Palatine Tonsil,assets/images/palatineTonsil.svg,Palatine Tonsil icon,"Female, L",https://purl.humanatlas.io/ref-organ/palatine-tonsil-female-left/v1.0,"Palatine Tonsil, Female, Left",https://cdn.humanatlas.io/digital-objects/ref-organ/palatine-tonsil-female-left/v1.0/assets/3d-vh-f-palatine-tonsil-l.glb
1.4,Palatine Tonsil,assets/images/palatineTonsil.svg,Palatine Tonsil icon,"Female, R",https://purl.humanatlas.io/ref-organ/palatine-tonsil-female-right/v1.0,"Palatine Tonsil, Female, Right",https://cdn.humanatlas.io/digital-objects/ref-organ/palatine-tonsil-female-right/v1.0/assets/3d-vh-f-palatine-tonsil-r.glb
1.4,Palatine Tonsil,assets/images/palatineTonsil.svg,Palatine Tonsil icon,"Male, L",https://purl.humanatlas.io/ref-organ/palatine-tonsil-male-left/v1.0,"Palatine Tonsil, Male, Left",https://cdn.humanatlas.io/digital-objects/ref-organ/palatine-tonsil-male-left/v1.0/assets/3d-vh-m-palatine-tonsil-l.glb
1.4,Palatine Tonsil,assets/images/palatineTonsil.svg,Palatine Tonsil icon,"Male, R",https://purl.humanatlas.io/ref-organ/palatine-tonsil-male-right/v1.0,"Palatine Tonsil, Male, Right",https://cdn.humanatlas.io/digital-objects/ref-organ/palatine-tonsil-male-right/v1.0/assets/3d-vh-m-palatine-tonsil-r.glb
1.4,Pancreas,assets/images/pancreas.svg,Pancreas icon,Female,https://purl.humanatlas.io/ref-organ/pancreas-female/v1.1,"Pancreas, Female",https://cdn.humanatlas.io/digital-objects/ref-organ/pancreas-female/v1.1/assets/VH_F_Pancreas.glb
1.4,Pancreas,assets/images/pancreas.svg,Pancreas icon,Male,https://purl.humanatlas.io/ref-organ/pancreas-male/v1.1,"Pancreas, Male",https://cdn.humanatlas.io/digital-objects/ref-organ/pancreas-male/v1.1/assets/VH_M_Pancreas.glb
1.4,Pelvis,assets/images/bone_marrow.svg,Pelvis icon,Female,https://purl.humanatlas.io/ref-organ/pelvis-female/v1.2,"Pelvis, Female",https://cdn.humanatlas.io/digital-objects/ref-organ/pelvis-female/v1.2/assets/VH_F_Pelvis.glb
1.4,Pelvis,assets/images/bone_marrow.svg,Pelvis icon,Male,https://purl.humanatlas.io/ref-organ/pelvis-male/v1.2,"Pelvis, Male",https://cdn.humanatlas.io/digital-objects/ref-organ/pelvis-male/v1.2/assets/VH_M_Pelvis.glb
1.4,Placenta,assets/images/placenta.svg,Placenta icon,Female,https://purl.humanatlas.io/ref-organ/placenta-full-term-female/v1.0,"Placenta, Female",https://cdn.humanatlas.io/digital-objects/ref-organ/placenta-full-term-female/v1.0/assets/VH_F_Placenta.glb
1.4,Prostate,assets/images/prostate.svg,Prostate icon,Male,https://purl.humanatlas.io/ref-organ/prostate-male/v1.1,"Prostate, Male",https://cdn.humanatlas.io/digital-objects/ref-organ/prostate-male/v1.1/assets/VH_M_Prostate.glb
1.4,Skin,assets/images/skin.svg,Skin icon,Female,https://purl.humanatlas.io/ref-organ/skin-female/v1.3,"Skin, Female",https://cdn.humanatlas.io/digital-objects/ref-organ/skin-female/v1.3/assets/3d-vh-f-skin.glb
1.4,Skin,assets/images/skin.svg,Skin icon,Male,https://purl.humanatlas.io/ref-organ/skin-male/v1.2,"Skin, Male",https://cdn.humanatlas.io/digital-objects/ref-organ/skin-male/v1.2/assets/VH_M_Skin.glb
1.4,Small Intestine,assets/images/small_intestine.svg,Small Intestine icon,Female,https://purl.humanatlas.io/ref-organ/small-intestine-female/v1.1,"Small Intestine, Female",https://cdn.humanatlas.io/digital-objects/ref-organ/small-intestine-female/v1.1/assets/VH_F_Small_Intestine.glb
1.4,Small Intestine,assets/images/small_intestine.svg,Small Intestine icon,Male,https://purl.humanatlas.io/ref-organ/small-intestine-male/v1.1,"Small Intestine, Male",https://cdn.humanatlas.io/digital-objects/ref-organ/small-intestine-male/v1.1/assets/VH_M_Small_Intestine.glb
1.4,Spinal Cord,assets/images/spinal_cord.svg,Spinal Cord icon,Female,https://purl.humanatlas.io/ref-organ/spinal-cord-female/v1.0,"Spinal Cord, Female",https://cdn.humanatlas.io/digital-objects/ref-organ/spinal-cord-female/v1.0/assets/VH_F_Spinal_Cord.glb
1.4,Spinal Cord,assets/images/spinal_cord.svg,Spinal Cord icon,Male,https://purl.humanatlas.io/ref-organ/spinal-cord-male/v1.0,"Spinal Cord, Male",https://cdn.humanatlas.io/digital-objects/ref-organ/spinal-cord-male/v1.0/assets/VH_M_Spinal_Cord.glb
1.4,Spleen,assets/images/spleen.svg,Spleen icon,Female,https://purl.humanatlas.io/ref-organ/spleen-female/v1.2,"Spleen, Female",https://cdn.humanatlas.io/digital-objects/ref-organ/spleen-female/v1.2/assets/VH_F_Spleen.glb
1.4,Spleen,assets/images/spleen.svg,Spleen icon,Male,https://purl.humanatlas.io/ref-organ/spleen-male/v1.2,"Spleen, Male",https://cdn.humanatlas.io/digital-objects/ref-organ/spleen-male/v1.2/assets/VH_M_Spleen.glb
1.4,Thymus,assets/images/thymus.svg,Thymus icon,Female,https://purl.humanatlas.io/ref-organ/thymus-female/v1.2,"Thymus, Female",https://cdn.humanatlas.io/digital-objects/ref-organ/thymus-female/v1.2/assets/VH_F_Thymus.glb
1.4,Thymus,assets/images/thymus.svg,Thymus icon,Male,https://purl.humanatlas.io/ref-organ/thymus-male/v1.2,"Thymus, Male",https://cdn.humanatlas.io/digital-objects/ref-organ/thymus-male/v1.2/assets/VH_M_Thymus.glb
1.4,Trachea,assets/images/trachea.svg,Trachea icon,Female,https://purl.humanatlas.io/ref-organ/trachea-female/v1.0,"Trachea, Female",https://cdn.humanatlas.io/digital-objects/ref-organ/trachea-female/v1.0/assets/3d-vh-f-trachea.glb
1.4,Trachea,assets/images/trachea.svg,Trachea icon,Male,https://purl.humanatlas.io/ref-organ/trachea-male/v1.0,"Trachea, Male",https://cdn.humanatlas.io/digital-objects/ref-organ/trachea-male/v1.0/assets/3d-vh-m-trachea.glb
1.4,Ureter,assets/images/ureter.svg,Ureter icon,"Female, L",https://purl.humanatlas.io/ref-organ/ureter-female-left/v1.1,"Ureter, Female, Left",https://cdn.humanatlas.io/digital-objects/ref-organ/ureter-female-left/v1.1/assets/VH_F_Ureter_L.glb
1.4,Ureter,assets/images/ureter.svg,Ureter icon,"Female, R",https://purl.humanatlas.io/ref-organ/ureter-female-right/v1.1,"Ureter, Female, Right",https://cdn.humanatlas.io/digital-objects/ref-organ/ureter-female-right/v1.1/assets/VH_F_Ureter_R.glb
1.4,Ureter,assets/images/ureter.svg,Ureter icon,"Male, L",https://purl.humanatlas.io/ref-organ/ureter-male-left/v1.1,"Ureter, Male, Left",https://cdn.humanatlas.io/digital-objects/ref-organ/ureter-male-left/v1.1/assets/VH_M_Ureter_L.glb
1.4,Ureter,assets/images/ureter.svg,Ureter icon,"Male, R",https://purl.humanatlas.io/ref-organ/ureter-male-right/v1.1,"Ureter, Male, Right",https://cdn.humanatlas.io/digital-objects/ref-organ/ureter-male-right/v1.1/assets/VH_M_Ureter_R.glb
1.4,Urinary Bladder,assets/images/urinary_bladder.svg,Urinary Bladder icon,Female,https://purl.humanatlas.io/ref-organ/urinary-bladder-female/v1.1,"Urinary Bladder, Female",https://cdn.humanatlas.io/digital-objects/ref-organ/urinary-bladder-female/v1.1/assets/VH_F_Urinary_Bladder.glb
1.4,Urinary Bladder,assets/images/urinary_bladder.svg,Urinary Bladder icon,Male,https://purl.humanatlas.io/ref-organ/urinary-bladder-male/v1.1,"Urinary Bladder, Male",https://cdn.humanatlas.io/digital-objects/ref-organ/urinary-bladder-male/v1.1/assets/VH_M_Urinary_Bladder.glb
1.4,Uterus,assets/images/uterus.svg,Uterus icon,Female,https://purl.humanatlas.io/ref-organ/uterus-female/v1.1,"Uterus, Female",https://cdn.humanatlas.io/digital-objects/ref-organ/uterus-female/v1.1/assets/VH_F_Uterus.glb
2.0,All Organs,assets/images/all_organs.svg,All Organs icon,Female,https://purl.humanatlas.io/ref-organ/united-female/v1.5,"All Organs, Female",https://cdn.humanatlas.io/digital-objects/ref-organ/united-female/v1.5/assets/3d-vh-f-united.glb
2.0,All Organs,assets/images/all_organs.svg,All Organs icon,Male,https://purl.humanatlas.io/ref-organ/united-male/v1.5,"All Organs, Male",https://cdn.humanatlas.io/digital-objects/ref-organ/united-male/v1.5/assets/3d-vh-m-united.glb
2.0,Blood Vasculature,assets/images/blood_vasculature.svg,Blood Vasculature icon,Female,https://purl.humanatlas.io/ref-organ/blood-vasculature-female/v1.2,"Blood Vasculature, Female",https://cdn.humanatlas.io/digital-objects/ref-organ/blood-vasculature-female/v1.2/assets/VH_F_Blood_Vasculature.glb
2.0,Blood Vasculature,assets/images/blood_vasculature.svg,Blood Vasculature icon,Male,https://purl.humanatlas.io/ref-organ/blood-vasculature-male/v1.2,"Blood Vasculature, Male",https://cdn.humanatlas.io/digital-objects/ref-organ/blood-vasculature-male/v1.2/assets/VH_M_Blood_Vasculature.glb
2.0,Brain,assets/images/brain.svg,Brain icon,Female,https://purl.humanatlas.io/ref-organ/brain-female/v1.3,"Brain, Female",https://cdn.humanatlas.io/digital-objects/ref-organ/brain-female/v1.3/assets/3d-vh-f-allen-brain.glb
2.0,Brain,assets/images/brain.svg,Brain icon,Male,https://purl.humanatlas.io/ref-organ/brain-male/v1.3,"Brain, Male",https://cdn.humanatlas.io/digital-objects/ref-organ/brain-male/v1.3/assets/3d-vh-m-allen-brain.glb
2.0,Eye,assets/images/eye.svg,Eye icon,"Female, L",https://purl.humanatlas.io/ref-organ/eye-female-left/v1.2,"Eye, Female, Left",https://cdn.humanatlas.io/digital-objects/ref-organ/eye-female-left/v1.2/assets/3d-vh-f-eye-l.glb
2.0,Eye,assets/images/eye.svg,Eye icon,"Female, R",https://purl.humanatlas.io/ref-organ/eye-female-right/v1.2,"Eye, Female, Right",https://cdn.humanatlas.io/digital-objects/ref-organ/eye-female-right/v1.2/assets/3d-vh-f-eye-r.glb
2.0,Eye,assets/images/eye.svg,Eye icon,"Male, L",https://purl.humanatlas.io/ref-organ/eye-male-left/v1.2,"Eye, Male, Left",https://cdn.humanatlas.io/digital-objects/ref-organ/eye-male-left/v1.2/assets/3d-vh-m-eye-l.glb
2.0,Eye,assets/images/eye.svg,Eye icon,"Male, R",https://purl.humanatlas.io/ref-organ/eye-male-right/v1.2,"Eye, Male, Right",https://cdn.humanatlas.io/digital-objects/ref-organ/eye-male-right/v1.2/assets/3d-vh-m-eye-r.glb
2.0,Fallopian Tube,assets/images/fallopian_tube.svg,Fallopian Tube icon,"Female, L",https://purl.humanatlas.io/ref-organ/fallopian-tube-female-left/v1.1,"Fallopian Tube, Female, Left",https://cdn.humanatlas.io/digital-objects/ref-organ/fallopian-tube-female-left/v1.1/assets/VH_F_Fallopian_Tube_L.glb
2.0,Fallopian Tube,assets/images/fallopian_tube.svg,Fallopian Tube icon,"Female, R",https://purl.humanatlas.io/ref-organ/fallopian-tube-female-right/v1.1,"Fallopian Tube, Female, Right",https://cdn.humanatlas.io/digital-objects/ref-organ/fallopian-tube-female-right/v1.1/assets/VH_F_Fallopian_Tube_R.glb
2.0,Heart,assets/images/heart.svg,Heart icon,Female,https://purl.humanatlas.io/ref-organ/heart-female/v1.2,"Heart, Female",https://cdn.humanatlas.io/digital-objects/ref-organ/heart-female/v1.2/assets/VH_F_Heart.glb
2.0,Heart,assets/images/heart.svg,Heart icon,Male,https://purl.humanatlas.io/ref-organ/heart-male/v1.2,"Heart, Male",https://cdn.humanatlas.io/digital-objects/ref-organ/heart-male/v1.2/assets/VH_M_Heart.glb
2.0,Kidney,assets/images/kidney.svg,Kidney icon,"Female, L",https://purl.humanatlas.io/ref-organ/kidney-female-left/v1.2,"Kidney, Female, Left",https://cdn.humanatlas.io/digital-objects/ref-organ/kidney-female-left/v1.2/assets/VH_F_Kidney_L.glb
2.0,Kidney,assets/images/kidney.svg,Kidney icon,"Female, R",https://purl.humanatlas.io/ref-organ/kidney-female-right/v1.2,"Kidney, Female, Right",https://cdn.humanatlas.io/digital-objects/ref-organ/kidney-female-right/v1.2/assets/VH_F_Kidney_R.glb
2.0,Kidney,assets/images/kidney.svg,Kidney icon,"Male, L",https://purl.humanatlas.io/ref-organ/kidney-male-left/v1.2,"Kidney, Male, Left",https://cdn.humanatlas.io/digital-objects/ref-organ/kidney-male-left/v1.2/assets/VH_M_Kidney_L.glb
2.0,Kidney,assets/images/kidney.svg,Kidney icon,"Male, R",https://purl.humanatlas.io/ref-organ/kidney-male-right/v1.2,"Kidney, Male, Right",https://cdn.humanatlas.io/digital-objects/ref-organ/kidney-male-right/v1.2/assets/VH_M_Kidney_R.glb
2.0,Knee,assets/images/knee.svg,Knee icon,"Female, L",https://purl.humanatlas.io/ref-organ/knee-female-left/v1.1,"Knee, Female, Left",https://cdn.humanatlas.io/digital-objects/ref-organ/knee-female-left/v1.1/assets/VH_F_Knee_L.glb
2.0,Knee,assets/images/knee.svg,Knee icon,"Female, R",https://purl.humanatlas.io/ref-organ/knee-female-right/v1.1,"Knee, Female, Right",https://cdn.humanatlas.io/digital-objects/ref-organ/knee-female-right/v1.1/assets/VH_F_Knee_R.glb
2.0,Knee,assets/images/knee.svg,Knee icon,"Male, L",https://purl.humanatlas.io/ref-organ/knee-male-left/v1.1,"Knee, Male, Left",https://cdn.humanatlas.io/digital-objects/ref-organ/knee-male-left/v1.1/assets/VH_M_Knee_L.glb
2.0,Knee,assets/images/knee.svg,Knee icon,"Male, R",https://purl.humanatlas.io/ref-organ/knee-male-right/v1.1,"Knee, Male, Right",https://cdn.humanatlas.io/digital-objects/ref-organ/knee-male-right/v1.1/assets/VH_M_Knee_R.glb
2.0,Large Intestine,assets/images/large_intestine.svg,Large Intestine icon,Female,https://purl.humanatlas.io/ref-organ/large-intestine-female/v1.2,"Large Intestine, Female",https://cdn.humanatlas.io/digital-objects/ref-organ/large-intestine-female/v1.2/assets/SBU_F_Intestine_Large.glb
2.0,Large Intestine,assets/images/large_intestine.svg,Large Intestine icon,Male,https://purl.humanatlas.io/ref-organ/large-intestine-male/v1.2,"Large Intestine, Male",https://cdn.humanatlas.io/digital-objects/ref-organ/large-intestine-male/v1.2/assets/SBU_M_Intestine_Large.glb
2.0,Larynx,assets/images/larynx.svg,Larynx icon,Female,https://purl.humanatlas.io/ref-organ/larynx-female/v1.0,"Larynx, Female",https://cdn.humanatlas.io/digital-objects/ref-organ/larynx-female/v1.0/assets/3d-vh-f-larynx.glb
2.0,Larynx,assets/images/larynx.svg,Larynx icon,Male,https://purl.humanatlas.io/ref-organ/larynx-male/v1.0,"Larynx, Male",https://cdn.humanatlas.io/digital-objects/ref-organ/larynx-male/v1.0/assets/3d-vh-m-larynx.glb
2.0,Liver,assets/images/liver.svg,Liver icon,Female,https://purl.humanatlas.io/ref-organ/liver-female/v1.1,"Liver, Female",https://cdn.humanatlas.io/digital-objects/ref-organ/liver-female/v1.1/assets/VH_F_Liver.glb
2.0,Liver,assets/images/liver.svg,Liver icon,Male,https://purl.humanatlas.io/ref-organ/liver-male/v1.1,"Liver, Male",https://cdn.humanatlas.io/digital-objects/ref-organ/liver-male/v1.1/assets/VH_M_Liver.glb
2.0,Lung,assets/images/lung.svg,Lung icon,Female,https://purl.humanatlas.io/ref-organ/lung-female/v1.3,"Lung, Female",https://cdn.humanatlas.io/digital-objects/ref-organ/lung-female/v1.3/assets/3d-vh-f-lung.glb
2.0,Lung,assets/images/lung.svg,Lung icon,Male,https://purl.humanatlas.io/ref-organ/lung-male/v1.3,"Lung, Male",https://cdn.humanatlas.io/digital-objects/ref-organ/lung-male/v1.3/assets/3d-vh-m-lung.glb
2.0,Lymph Node,assets/images/lymph_node.svg,Lymph Node icon,Female,https://purl.humanatlas.io/ref-organ/lymph-node-female/v1.2,"Lymph Node, Female",https://cdn.humanatlas.io/digital-objects/ref-organ/lymph-node-female/v1.2/assets/NIH_F_Lymph_Node.glb
2.0,Lymph Node,assets/images/lymph_node.svg,Lymph Node icon,Male,https://purl.humanatlas.io/ref-organ/lymph-node-male/v1.2,"Lymph Node, Male",https://cdn.humanatlas.io/digital-objects/ref-organ/lymph-node-male/v1.2/assets/NIH_M_Lymph_Node.glb
2.0,Main Bronchus,assets/images/extrapulmonaryBronchus.svg,Main Bronchus icon,Female,https://purl.humanatlas.io/ref-organ/main-bronchus-female/v1.0,"Main Bronchus, Female",https://cdn.humanatlas.io/digital-objects/ref-organ/main-bronchus-female/v1.0/assets/3d-vh-f-main-bronchus.glb
2.0,Main Bronchus,assets/images/extrapulmonaryBronchus.svg,Main Bronchus icon,Male,https://purl.humanatlas.io/ref-organ/main-bronchus-male/v1.0,"Main Bronchus, Male",https://cdn.humanatlas.io/digital-objects/ref-organ/main-bronchus-male/v1.0/assets/3d-vh-m-main-bronchus.glb
2.0,Mammary Gland,assets/images/mammary_gland.svg,Mammary Gland icon,"Female, L",https://purl.humanatlas.io/ref-organ/mammary-gland-female-left/v1.0,"Mammary Gland, Female, Left",https://cdn.humanatlas.io/digital-objects/ref-organ/mammary-gland-female-left/v1.0/assets/3d-vh-f-mammary-gland-l.glb
2.0,Mammary Gland,assets/images/mammary_gland.svg,Mammary Gland icon,"Female, R",https://purl.humanatlas.io/ref-organ/mammary-gland-female-right/v1.0,"Mammary Gland, Female, Right",https://cdn.humanatlas.io/digital-objects/ref-organ/mammary-gland-female-right/v1.0/assets/3d-vh-f-mammary-gland-r.glb
2.0,Ovary,assets/images/ovary.svg,Ovary icon,"Female, L",https://purl.humanatlas.io/ref-organ/ovary-female-left/v1.1,"Ovary, Female, Left",https://cdn.humanatlas.io/digital-objects/ref-organ/ovary-female-left/v1.1/assets/VH_F_Ovary_L.glb
2.0,Ovary,assets/images/ovary.svg,Ovary icon,"Female, R",https://purl.humanatlas.io/ref-organ/ovary-female-right/v1.1,"Ovary, Female, Right",https://cdn.humanatlas.io/digital-objects/ref-organ/ovary-female-right/v1.1/assets/VH_F_Ovary_R.glb
2.0,Palatine Tonsil,assets/images/palatineTonsil.svg,Palatine Tonsil icon,"Female, L",https://purl.humanatlas.io/ref-organ/palatine-tonsil-female-left/v1.0,"Palatine Tonsil, Female, Left",https://cdn.humanatlas.io/digital-objects/ref-organ/palatine-tonsil-female-left/v1.0/assets/3d-vh-f-palatine-tonsil-l.glb
2.0,Palatine Tonsil,assets/images/palatineTonsil.svg,Palatine Tonsil icon,"Female, R",https://purl.humanatlas.io/ref-organ/palatine-tonsil-female-right/v1.0,"Palatine Tonsil, Female, Right",https://cdn.humanatlas.io/digital-objects/ref-organ/palatine-tonsil-female-right/v1.0/assets/3d-vh-f-palatine-tonsil-r.glb
2.0,Palatine Tonsil,assets/images/palatineTonsil.svg,Palatine Tonsil icon,"Male, L",https://purl.humanatlas.io/ref-organ/palatine-tonsil-male-left/v1.0,"Palatine Tonsil, Male, Left",https://cdn.humanatlas.io/digital-objects/ref-organ/palatine-tonsil-male-left/v1.0/assets/3d-vh-m-palatine-tonsil-l.glb
2.0,Palatine Tonsil,assets/images/palatineTonsil.svg,Palatine Tonsil icon,"Male, R",https://purl.humanatlas.io/ref-organ/palatine-tonsil-male-right/v1.0,"Palatine Tonsil, Male, Right",https://cdn.humanatlas.io/digital-objects/ref-organ/palatine-tonsil-male-right/v1.0/assets/3d-vh-m-palatine-tonsil-r.glb
2.0,Pancreas,assets/images/pancreas.svg,Pancreas icon,Female,https://purl.humanatlas.io/ref-organ/pancreas-female/v1.2,"Pancreas, Female",https://cdn.humanatlas.io/digital-objects/ref-organ/pancreas-female/v1.2/assets/3d-vh-f-pancreas.glb
2.0,Pancreas,assets/images/pancreas.svg,Pancreas icon,Male,https://purl.humanatlas.io/ref-organ/pancreas-male/v1.2,"Pancreas, Male",https://cdn.humanatlas.io/digital-objects/ref-organ/pancreas-male/v1.2/assets/3d-vh-m-pancreas.glb
2.0,Pelvis,assets/images/bone_marrow.svg,Pelvis icon,Female,https://purl.humanatlas.io/ref-organ/pelvis-female/v1.2,"Pelvis, Female",https://cdn.humanatlas.io/digital-objects/ref-organ/pelvis-female/v1.2/assets/VH_F_Pelvis.glb
2.0,Pelvis,assets/images/bone_marrow.svg,Pelvis icon,Male,https://purl.humanatlas.io/ref-organ/pelvis-male/v1.2,"Pelvis, Male",https://cdn.humanatlas.io/digital-objects/ref-organ/pelvis-male/v1.2/assets/VH_M_Pelvis.glb
2.0,Placenta,assets/images/placenta.svg,Placenta icon,Female,https://purl.humanatlas.io/ref-organ/placenta-full-term-female/v1.0,"Placenta, Female",https://cdn.humanatlas.io/digital-objects/ref-organ/placenta-full-term-female/v1.0/assets/VH_F_Placenta.glb
2.0,Prostate,assets/images/prostate.svg,Prostate icon,Male,https://purl.humanatlas.io/ref-organ/prostate-male/v1.1,"Prostate, Male",https://cdn.humanatlas.io/digital-objects/ref-organ/prostate-male/v1.1/assets/VH_M_Prostate.glb
2.0,Skin,assets/images/skin.svg,Skin icon,Female,https://purl.humanatlas.io/ref-organ/skin-female/v1.3,"Skin, Female",https://cdn.humanatlas.io/digital-objects/ref-organ/skin-female/v1.3/assets/3d-vh-f-skin.glb
2.0,Skin,assets/images/skin.svg,Skin icon,Male,https://purl.humanatlas.io/ref-organ/skin-male/v1.2,"Skin, Male",https://cdn.humanatlas.io/digital-objects/ref-organ/skin-male/v1.2/assets/VH_M_Skin.glb
2.0,Small Intestine,assets/images/small_intestine.svg,Small Intestine icon,Female,https://purl.humanatlas.io/ref-organ/small-intestine-female/v1.1,"Small Intestine, Female",https://cdn.humanatlas.io/digital-objects/ref-organ/small-intestine-female/v1.1/assets/VH_F_Small_Intestine.glb
2.0,Small Intestine,assets/images/small_intestine.svg,Small Intestine icon,Male,https://purl.humanatlas.io/ref-organ/small-intestine-male/v1.1,"Small Intestine, Male",https://cdn.humanatlas.io/digital-objects/ref-organ/small-intestine-male/v1.1/assets/VH_M_Small_Intestine.glb
2.0,Spinal Cord,assets/images/spinal_cord.svg,Spinal Cord icon,Female,https://purl.humanatlas.io/ref-organ/spinal-cord-female/v1.0,"Spinal Cord, Female",https://cdn.humanatlas.io/digital-objects/ref-organ/spinal-cord-female/v1.0/assets/VH_F_Spinal_Cord.glb
2.0,Spinal Cord,assets/images/spinal_cord.svg,Spinal Cord icon,Male,https://purl.humanatlas.io/ref-organ/spinal-cord-male/v1.0,"Spinal Cord, Male",https://cdn.humanatlas.io/digital-objects/ref-organ/spinal-cord-male/v1.0/assets/VH_M_Spinal_Cord.glb
2.0,Spleen,assets/images/spleen.svg,Spleen icon,Female,https://purl.humanatlas.io/ref-organ/spleen-female/v1.2,"Spleen, Female",https://cdn.humanatlas.io/digital-objects/ref-organ/spleen-female/v1.2/assets/VH_F_Spleen.glb
2.0,Spleen,assets/images/spleen.svg,Spleen icon,Male,https://purl.humanatlas.io/ref-organ/spleen-male/v1.2,"Spleen, Male",https://cdn.humanatlas.io/digital-objects/ref-organ/spleen-male/v1.2/assets/VH_M_Spleen.glb
2.0,Thymus,assets/images/thymus.svg,Thymus icon,Female,https://purl.humanatlas.io/ref-organ/thymus-female/v1.2,"Thymus, Female",https://cdn.humanatlas.io/digital-objects/ref-organ/thymus-female/v1.2/assets/VH_F_Thymus.glb
2.0,Thymus,assets/images/thymus.svg,Thymus icon,Male,https://purl.humanatlas.io/ref-organ/thymus-male/v1.2,"Thymus, Male",https://cdn.humanatlas.io/digital-objects/ref-organ/thymus-male/v1.2/assets/VH_M_Thymus.glb
2.0,Trachea,assets/images/trachea.svg,Trachea icon,Female,https://purl.humanatlas.io/ref-organ/trachea-female/v1.0,"Trachea, Female",https://cdn.humanatlas.io/digital-objects/ref-organ/trachea-female/v1.0/assets/3d-vh-f-trachea.glb
2.0,Trachea,assets/images/trachea.svg,Trachea icon,Male,https://purl.humanatlas.io/ref-organ/trachea-male/v1.0,"Trachea, Male",https://cdn.humanatlas.io/digital-objects/ref-organ/trachea-male/v1.0/assets/3d-vh-m-trachea.glb
2.0,Ureter,assets/images/ureter.svg,Ureter icon,"Female, L",https://purl.humanatlas.io/ref-organ/ureter-female-left/v1.1,"Ureter, Female, Left",https://cdn.humanatlas.io/digital-objects/ref-organ/ureter-female-left/v1.1/assets/VH_F_Ureter_L.glb
2.0,Ureter,assets/images/ureter.svg,Ureter icon,"Female, R",https://purl.humanatlas.io/ref-organ/ureter-female-right/v1.1,"Ureter, Female, Right",https://cdn.humanatlas.io/digital-objects/ref-organ/ureter-female-right/v1.1/assets/VH_F_Ureter_R.glb
2.0,Ureter,assets/images/ureter.svg,Ureter icon,"Male, L",https://purl.humanatlas.io/ref-organ/ureter-male-left/v1.1,"Ureter, Male, Left",https://cdn.humanatlas.io/digital-objects/ref-organ/ureter-male-left/v1.1/assets/VH_M_Ureter_L.glb
2.0,Ureter,assets/images/ureter.svg,Ureter icon,"Male, R",https://purl.humanatlas.io/ref-organ/ureter-male-right/v1.1,"Ureter, Male, Right",https://cdn.humanatlas.io/digital-objects/ref-organ/ureter-male-right/v1.1/assets/VH_M_Ureter_R.glb
2.0,Urinary Bladder,assets/images/urinary_bladder.svg,Urinary Bladder icon,Female,https://purl.humanatlas.io/ref-organ/urinary-bladder-female/v1.1,"Urinary Bladder, Female",https://cdn.humanatlas.io/digital-objects/ref-organ/urinary-bladder-female/v1.1/assets/VH_F_Urinary_Bladder.glb
2.0,Urinary Bladder,assets/images/urinary_bladder.svg,Urinary Bladder icon,Male,https://purl.humanatlas.io/ref-organ/urinary-bladder-male/v1.1,"Urinary Bladder, Male",https://cdn.humanatlas.io/digital-objects/ref-organ/urinary-bladder-male/v1.1/assets/VH_M_Urinary_Bladder.glb
2.0,Uterus,assets/images/uterus.svg,Uterus icon,Female,https://purl.humanatlas.io/ref-organ/uterus-female/v1.1,"Uterus, Female",https://cdn.humanatlas.io/digital-objects/ref-organ/uterus-female/v1.1/assets/VH_F_Uterus.glb
2.1,All Organs,assets/images/all_organs.svg,All Organs icon,Female,https://purl.humanatlas.io/ref-organ/united-female/v1.6,"All Organs, Female",https://cdn.humanatlas.io/digital-objects/ref-organ/united-female/v1.6/assets/3d-vh-f-united.glb
2.1,All Organs,assets/images/all_organs.svg,All Organs icon,Male,https://purl.humanatlas.io/ref-organ/united-male/v1.6,"All Organs, Male",https://cdn.humanatlas.io/digital-objects/ref-organ/united-male/v1.6/assets/3d-vh-m-united.glb
2.1,Blood Vasculature,assets/images/blood_vasculature.svg,Blood Vasculature icon,Female,https://purl.humanatlas.io/ref-organ/blood-vasculature-female/v1.3,"Blood Vasculature, Female",https://cdn.humanatlas.io/digital-objects/ref-organ/blood-vasculature-female/v1.3/assets/3d-vh-f-blood-vasculature.glb
2.1,Blood Vasculature,assets/images/blood_vasculature.svg,Blood Vasculature icon,Male,https://purl.humanatlas.io/ref-organ/blood-vasculature-male/v1.3,"Blood Vasculature, Male",https://cdn.humanatlas.io/digital-objects/ref-organ/blood-vasculature-male/v1.3/assets/3d-vh-m-blood-vasculature.glb
2.1,Brain,assets/images/brain.svg,Brain icon,Female,https://purl.humanatlas.io/ref-organ/brain-female/v1.4,"Brain, Female",https://cdn.humanatlas.io/digital-objects/ref-organ/brain-female/v1.4/assets/3d-allen-f-brain.glb
2.1,Brain,assets/images/brain.svg,Brain icon,Male,https://purl.humanatlas.io/ref-organ/brain-male/v1.4,"Brain, Male",https://cdn.humanatlas.io/digital-objects/ref-organ/brain-male/v1.4/assets/3d-allen-m-brain.glb
2.1,Eye,assets/images/eye.svg,Eye icon,"Female, L",https://purl.humanatlas.io/ref-organ/eye-female-left/v1.3,"Eye, Female, Left",https://cdn.humanatlas.io/digital-objects/ref-organ/eye-female-left/v1.3/assets/3d-vh-f-eye-l.glb
2.1,Eye,assets/images/eye.svg,Eye icon,"Female, R",https://purl.humanatlas.io/ref-organ/eye-female-right/v1.3,"Eye, Female, Right",https://cdn.humanatlas.io/digital-objects/ref-organ/eye-female-right/v1.3/assets/3d-vh-f-eye-r.glb
2.1,Eye,assets/images/eye.svg,Eye icon,"Male, L",https://purl.humanatlas.io/ref-organ/eye-male-left/v1.3,"Eye, Male, Left",https://cdn.humanatlas.io/digital-objects/ref-organ/eye-male-left/v1.3/assets/3d-vh-m-eye-l.glb
2.1,Eye,assets/images/eye.svg,Eye icon,"Male, R",https://purl.humanatlas.io/ref-organ/eye-male-right/v1.3,"Eye, Male, Right",https://cdn.humanatlas.io/digital-objects/ref-organ/eye-male-right/v1.3/assets/3d-vh-m-eye-r.glb
2.1,Fallopian Tube,assets/images/fallopian_tube.svg,Fallopian Tube icon,"Female, L",https://purl.humanatlas.io/ref-organ/fallopian-tube-female-left/v1.2,"Fallopian Tube, Female, Left",https://cdn.humanatlas.io/digital-objects/ref-organ/fallopian-tube-female-left/v1.2/assets/3d-vh-f-fallopian-tube-l.glb
2.1,Fallopian Tube,assets/images/fallopian_tube.svg,Fallopian Tube icon,"Female, R",https://purl.humanatlas.io/ref-organ/fallopian-tube-female-right/v1.2,"Fallopian Tube, Female, Right",https://cdn.humanatlas.io/digital-objects/ref-organ/fallopian-tube-female-right/v1.2/assets/3d-vh-f-fallopian-tube-r.glb
2.1,Heart,assets/images/heart.svg,Heart icon,Female,https://purl.humanatlas.io/ref-organ/heart-female/v1.3,"Heart, Female",https://cdn.humanatlas.io/digital-objects/ref-organ/heart-female/v1.3/assets/3d-vh-f-heart.glb
2.1,Heart,assets/images/heart.svg,Heart icon,Male,https://purl.humanatlas.io/ref-organ/heart-male/v1.3,"Heart, Male",https://cdn.humanatlas.io/digital-objects/ref-organ/heart-male/v1.3/assets/3d-vh-m-heart.glb
2.1,Kidney,assets/images/kidney.svg,Kidney icon,"Female, L",https://purl.humanatlas.io/ref-organ/kidney-female-left/v1.3,"Kidney, Female, Left",https://cdn.humanatlas.io/digital-objects/ref-organ/kidney-female-left/v1.3/assets/3d-vh-f-kidney-l.glb
2.1,Kidney,assets/images/kidney.svg,Kidney icon,"Female, R",https://purl.humanatlas.io/ref-organ/kidney-female-right/v1.3,"Kidney, Female, Right",https://cdn.humanatlas.io/digital-objects/ref-organ/kidney-female-right/v1.3/assets/3d-vh-f-kidney-r.glb
2.1,Kidney,assets/images/kidney.svg,Kidney icon,"Male, L",https://purl.humanatlas.io/ref-organ/kidney-male-left/v1.3,"Kidney, Male, Left",https://cdn.humanatlas.io/digital-objects/ref-organ/kidney-male-left/v1.3/assets/3d-vh-m-kidney-l.glb
2.1,Kidney,assets/images/kidney.svg,Kidney icon,"Male, R",https://purl.humanatlas.io/ref-organ/kidney-male-right/v1.3,"Kidney, Male, Right",https://cdn.humanatlas.io/digital-objects/ref-organ/kidney-male-right/v1.3/assets/3d-vh-m-kidney-r.glb
2.1,Knee,assets/images/knee.svg,Knee icon,"Female, L",https://purl.humanatlas.io/ref-organ/knee-female-left/v1.2,"Knee, Female, Left",https://cdn.humanatlas.io/digital-objects/ref-organ/knee-female-left/v1.2/assets/3d-vh-f-knee-l.glb
2.1,Knee,assets/images/knee.svg,Knee icon,"Female, R",https://purl.humanatlas.io/ref-organ/knee-female-right/v1.2,"Knee, Female, Right",https://cdn.humanatlas.io/digital-objects/ref-organ/knee-female-right/v1.2/assets/3d-vh-f-knee-r.glb
2.1,Knee,assets/images/knee.svg,Knee icon,"Male, L",https://purl.humanatlas.io/ref-organ/knee-male-left/v1.2,"Knee, Male, Left",https://cdn.humanatlas.io/digital-objects/ref-organ/knee-male-left/v1.2/assets/3d-vh-m-knee-l.glb
2.1,Knee,assets/images/knee.svg,Knee icon,"Male, R",https://purl.humanatlas.io/ref-organ/knee-male-right/v1.2,"Knee, Male, Right",https://cdn.humanatlas.io/digital-objects/ref-organ/knee-male-right/v1.2/assets/3d-vh-m-knee-r.glb
2.1,Large Intestine,assets/images/large_intestine.svg,Large Intestine icon,Female,https://purl.humanatlas.io/ref-organ/large-intestine-female/v1.3,"Large Intestine, Female",https://cdn.humanatlas.io/digital-objects/ref-organ/large-intestine-female/v1.3/assets/3d-sbu-f-large-intestine.glb
2.1,Large Intestine,assets/images/large_intestine.svg,Large Intestine icon,Male,https://purl.humanatlas.io/ref-organ/large-intestine-male/v1.3,"Large Intestine, Male",https://cdn.humanatlas.io/digital-objects/ref-organ/large-intestine-male/v1.3/assets/3d-sbu-m-large-intestine.glb
2.1,Larynx,assets/images/larynx.svg,Larynx icon,Female,https://purl.humanatlas.io/ref-organ/larynx-female/v1.1,"Larynx, Female",https://cdn.humanatlas.io/digital-objects/ref-organ/larynx-female/v1.1/assets/3d-vh-f-larynx.glb
2.1,Larynx,assets/images/larynx.svg,Larynx icon,Male,https://purl.humanatlas.io/ref-organ/larynx-male/v1.1,"Larynx, Male",https://cdn.humanatlas.io/digital-objects/ref-organ/larynx-male/v1.1/assets/3d-vh-m-larynx.glb
2.1,Liver,assets/images/liver.svg,Liver icon,Female,https://purl.humanatlas.io/ref-organ/liver-female/v1.2,"Liver, Female",https://cdn.humanatlas.io/digital-objects/ref-organ/liver-female/v1.2/assets/3d-vh-f-liver.glb
2.1,Liver,assets/images/liver.svg,Liver icon,Male,https://purl.humanatlas.io/ref-organ/liver-male/v1.2,"Liver, Male",https://cdn.humanatlas.io/digital-objects/ref-organ/liver-male/v1.2/assets/3d-vh-m-liver.glb
2.1,Lung,assets/images/lung.svg,Lung icon,Female,https://purl.humanatlas.io/ref-organ/lung-female/v1.4,"Lung, Female",https://cdn.humanatlas.io/digital-objects/ref-organ/lung-female/v1.4/assets/3d-vh-f-lung.glb
2.1,Lung,assets/images/lung.svg,Lung icon,Male,https://purl.humanatlas.io/ref-organ/lung-male/v1.4,"Lung, Male",https://cdn.humanatlas.io/digital-objects/ref-organ/lung-male/v1.4/assets/3d-vh-m-lung.glb
2.1,Lymph Node,assets/images/lymph_node.svg,Lymph Node icon,Female,https://purl.humanatlas.io/ref-organ/lymph-node-female/v1.3,"Lymph Node, Female",https://cdn.humanatlas.io/digital-objects/ref-organ/lymph-node-female/v1.3/assets/3d-nih-f-lymph-node.glb
2.1,Lymph Node,assets/images/lymph_node.svg,Lymph Node icon,Male,https://purl.humanatlas.io/ref-organ/lymph-node-male/v1.3,"Lymph Node, Male",https://cdn.humanatlas.io/digital-objects/ref-organ/lymph-node-male/v1.3/assets/3d-nih-m-lymph-node.glb
2.1,Main Bronchus,assets/images/extrapulmonaryBronchus.svg,Main Bronchus icon,Female,https://purl.humanatlas.io/ref-organ/main-bronchus-female/v1.1,"Main Bronchus, Female",https://cdn.humanatlas.io/digital-objects/ref-organ/main-bronchus-female/v1.1/assets/3d-vh-f-main-bronchus.glb
2.1,Main Bronchus,assets/images/extrapulmonaryBronchus.svg,Main Bronchus icon,Male,https://purl.humanatlas.io/ref-organ/main-bronchus-male/v1.1,"Main Bronchus, Male",https://cdn.humanatlas.io/digital-objects/ref-organ/main-bronchus-male/v1.1/assets/3d-vh-m-main-bronchus.glb
2.1,Mammary Gland,assets/images/mammary_gland.svg,Mammary Gland icon,"Female, L",https://purl.humanatlas.io/ref-organ/mammary-gland-female-left/v1.1,"Mammary Gland, Female, Left",https://cdn.humanatlas.io/digital-objects/ref-organ/mammary-gland-female-left/v1.1/assets/3d-vh-f-mammary-gland-l.glb
2.1,Mammary Gland,assets/images/mammary_gland.svg,Mammary Gland icon,"Female, R",https://purl.humanatlas.io/ref-organ/mammary-gland-female-right/v1.1,"Mammary Gland, Female, Right",https://cdn.humanatlas.io/digital-objects/ref-organ/mammary-gland-female-right/v1.1/assets/3d-vh-f-mammary-gland-r.glb
2.1,Ovary,assets/images/ovary.svg,Ovary icon,"Female, L",https://purl.humanatlas.io/ref-organ/ovary-female-left/v1.2,"Ovary, Female, Left",https://cdn.humanatlas.io/digital-objects/ref-organ/ovary-female-left/v1.2/assets/3d-vh-f-ovary-l.glb
2.1,Ovary,assets/images/ovary.svg,Ovary icon,"Female, R",https://purl.humanatlas.io/ref-organ/ovary-female-right/v1.2,"Ovary, Female, Right",https://cdn.humanatlas.io/digital-objects/ref-organ/ovary-female-right/v1.2/assets/3d-vh-f-ovary-r.glb
2.1,Palatine Tonsil,assets/images/palatineTonsil.svg,Palatine Tonsil icon,"Female, L",https://purl.humanatlas.io/ref-organ/palatine-tonsil-female-left/v1.1,"Palatine Tonsil, Female, Left",https://cdn.humanatlas.io/digital-objects/ref-organ/palatine-tonsil-female-left/v1.1/assets/3d-vh-f-palatine-tonsil-l.glb
2.1,Palatine Tonsil,assets/images/palatineTonsil.svg,Palatine Tonsil icon,"Female, R",https://purl.humanatlas.io/ref-organ/palatine-tonsil-female-right/v1.1,"Palatine Tonsil, Female, Right",https://cdn.humanatlas.io/digital-objects/ref-organ/palatine-tonsil-female-right/v1.1/assets/3d-vh-f-palatine-tonsil-r.glb
2.1,Palatine Tonsil,assets/images/palatineTonsil.svg,Palatine Tonsil icon,"Male, L",https://purl.humanatlas.io/ref-organ/palatine-tonsil-male-left/v1.1,"Palatine Tonsil, Male, Left",https://cdn.humanatlas.io/digital-objects/ref-organ/palatine-tonsil-male-left/v1.1/assets/3d-vh-m-palatine-tonsil-l.glb
2.1,Palatine Tonsil,assets/images/palatineTonsil.svg,Palatine Tonsil icon,"Male, R",https://purl.humanatlas.io/ref-organ/palatine-tonsil-male-right/v1.1,"Palatine Tonsil, Male, Right",https://cdn.humanatlas.io/digital-objects/ref-organ/palatine-tonsil-male-right/v1.1/assets/3d-vh-m-palatine-tonsil-r.glb
2.1,Pancreas,assets/images/pancreas.svg,Pancreas icon,Female,https://purl.humanatlas.io/ref-organ/pancreas-female/v1.3,"Pancreas, Female",https://cdn.humanatlas.io/digital-objects/ref-organ/pancreas-female/v1.3/assets/3d-vh-f-pancreas.glb
2.1,Pancreas,assets/images/pancreas.svg,Pancreas icon,Male,https://purl.humanatlas.io/ref-organ/pancreas-male/v1.3,"Pancreas, Male",https://cdn.humanatlas.io/digital-objects/ref-organ/pancreas-male/v1.3/assets/3d-vh-m-pancreas.glb
2.1,Pelvis,assets/images/bone_marrow.svg,Pelvis icon,Female,https://purl.humanatlas.io/ref-organ/pelvis-female/v1.3,"Pelvis, Female",https://cdn.humanatlas.io/digital-objects/ref-organ/pelvis-female/v1.3/assets/3d-vh-f-pelvis.glb
2.1,Pelvis,assets/images/bone_marrow.svg,Pelvis icon,Male,https://purl.humanatlas.io/ref-organ/pelvis-male/v1.3,"Pelvis, Male",https://cdn.humanatlas.io/digital-objects/ref-organ/pelvis-male/v1.3/assets/3d-vh-m-pelvis.glb
2.1,Placenta,assets/images/placenta.svg,Placenta icon,Female,https://purl.humanatlas.io/ref-organ/placenta-full-term-female/v1.1,"Placenta, Female",https://cdn.humanatlas.io/digital-objects/ref-organ/placenta-full-term-female/v1.1/assets/3d-vh-f-placenta-full-term.glb
2.1,Prostate,assets/images/prostate.svg,Prostate icon,Male,https://purl.humanatlas.io/ref-organ/prostate-male/v1.2,"Prostate, Male",https://cdn.humanatlas.io/digital-objects/ref-organ/prostate-male/v1.2/assets/3d-vh-m-prostate.glb
2.1,Skin,assets/images/skin.svg,Skin icon,Female,https://purl.humanatlas.io/ref-organ/skin-female/v1.4,"Skin, Female",https://cdn.humanatlas.io/digital-objects/ref-organ/skin-female/v1.4/assets/3d-vh-f-skin.glb
2.1,Skin,assets/images/skin.svg,Skin icon,Male,https://purl.humanatlas.io/ref-organ/skin-male/v1.3,"Skin, Male",https://cdn.humanatlas.io/digital-objects/ref-organ/skin-male/v1.3/assets/3d-vh-m-skin.glb
2.1,Small Intestine,assets/images/small_intestine.svg,Small Intestine icon,Female,https://purl.humanatlas.io/ref-organ/small-intestine-female/v1.2,"Small Intestine, Female",https://cdn.humanatlas.io/digital-objects/ref-organ/small-intestine-female/v1.2/assets/3d-vh-f-small-intestine.glb
2.1,Small Intestine,assets/images/small_intestine.svg,Small Intestine icon,Male,https://purl.humanatlas.io/ref-organ/small-intestine-male/v1.2,"Small Intestine, Male",https://cdn.humanatlas.io/digital-objects/ref-organ/small-intestine-male/v1.2/assets/3d-vh-m-small-intestine.glb
2.1,Spinal Cord,assets/images/spinal_cord.svg,Spinal Cord icon,Female,https://purl.humanatlas.io/ref-organ/spinal-cord-female/v1.1,"Spinal Cord, Female",https://cdn.humanatlas.io/digital-objects/ref-organ/spinal-cord-female/v1.1/assets/3d-vh-f-spinal-cord.glb
2.1,Spinal Cord,assets/images/spinal_cord.svg,Spinal Cord icon,Male,https://purl.humanatlas.io/ref-organ/spinal-cord-male/v1.1,"Spinal Cord, Male",https://cdn.humanatlas.io/digital-objects/ref-organ/spinal-cord-male/v1.1/assets/3d-vh-m-spinal-cord.glb
2.1,Spleen,assets/images/spleen.svg,Spleen icon,Female,https://purl.humanatlas.io/ref-organ/spleen-female/v1.3,"Spleen, Female",https://cdn.humanatlas.io/digital-objects/ref-organ/spleen-female/v1.3/assets/3d-vh-f-spleen.glb
2.1,Spleen,assets/images/spleen.svg,Spleen icon,Male,https://purl.humanatlas.io/ref-organ/spleen-male/v1.3,"Spleen, Male",https://cdn.humanatlas.io/digital-objects/ref-organ/spleen-male/v1.3/assets/3d-vh-m-spleen.glb
2.1,Thymus,assets/images/thymus.svg,Thymus icon,Female,https://purl.humanatlas.io/ref-organ/thymus-female/v1.3,"Thymus, Female",https://cdn.humanatlas.io/digital-objects/ref-organ/thymus-female/v1.3/assets/3d-vh-f-thymus.glb
2.1,Thymus,assets/images/thymus.svg,Thymus icon,Male,https://purl.humanatlas.io/ref-organ/thymus-male/v1.3,"Thymus, Male",https://cdn.humanatlas.io/digital-objects/ref-organ/thymus-male/v1.3/assets/3d-vh-m-thymus.glb
2.1,Trachea,assets/images/trachea.svg,Trachea icon,Female,https://purl.humanatlas.io/ref-organ/trachea-female/v1.1,"Trachea, Female",https://cdn.humanatlas.io/digital-objects/ref-organ/trachea-female/v1.1/assets/3d-vh-f-trachea.glb
2.1,Trachea,assets/images/trachea.svg,Trachea icon,Male,https://purl.humanatlas.io/ref-organ/trachea-male/v1.1,"Trachea, Male",https://cdn.humanatlas.io/digital-objects/ref-organ/trachea-male/v1.1/assets/3d-vh-m-trachea.glb
2.1,Ureter,assets/images/ureter.svg,Ureter icon,"Female, L",https://purl.humanatlas.io/ref-organ/ureter-female-left/v1.2,"Ureter, Female, Left",https://cdn.humanatlas.io/digital-objects/ref-organ/ureter-female-left/v1.2/assets/3d-vh-f-ureter-l.glb
2.1,Ureter,assets/images/ureter.svg,Ureter icon,"Female, R",https://purl.humanatlas.io/ref-organ/ureter-female-right/v1.2,"Ureter, Female, Right",https://cdn.humanatlas.io/digital-objects/ref-organ/ureter-female-right/v1.2/assets/3d-vh-f-ureter-r.glb
2.1,Ureter,assets/images/ureter.svg,Ureter icon,"Male, L",https://purl.humanatlas.io/ref-organ/ureter-male-left/v1.2,"Ureter, Male, Left",https://cdn.humanatlas.io/digital-objects/ref-organ/ureter-male-left/v1.2/assets/3d-vh-m-ureter-l.glb
2.1,Ureter,assets/images/ureter.svg,Ureter icon,"Male, R",https://purl.humanatlas.io/ref-organ/ureter-male-right/v1.2,"Ureter, Male, Right",https://cdn.humanatlas.io/digital-objects/ref-organ/ureter-male-right/v1.2/assets/3d-vh-m-ureter-r.glb
2.1,Urinary Bladder,assets/images/urinary_bladder.svg,Urinary Bladder icon,Female,https://purl.humanatlas.io/ref-organ/urinary-bladder-female/v1.2,"Urinary Bladder, Female",https://cdn.humanatlas.io/digital-objects/ref-organ/urinary-bladder-female/v1.2/assets/3d-vh-f-urinary-bladder.glb
2.1,Urinary Bladder,assets/images/urinary_bladder.svg,Urinary Bladder icon,Male,https://purl.humanatlas.io/ref-organ/urinary-bladder-male/v1.2,"Urinary Bladder, Male",https://cdn.humanatlas.io/digital-objects/ref-organ/urinary-bladder-male/v1.2/assets/3d-vh-m-urinary-bladder.glb
2.1,Uterus,assets/images/uterus.svg,Uterus icon,Female,https://purl.humanatlas.io/ref-organ/uterus-female/v1.2,"Uterus, Female",https://cdn.humanatlas.io/digital-objects/ref-organ/uterus-female/v1.2/assets/3d-vh-f-uterus.glb
